trial,method,candidate_indices,selected_global_indices,built_edges,trains_used,tickets_connected,candidate_tickets,unconnected_candidates,ticket_coverage_rate,candidate_ticket_points,unconnected_candidate_points,printed_points_coverage_rate,predicted_ticket_value,printed_ticket_points,route_points,total_points,ticket_points_per_train,total_points_per_train,points_per_train,mean_blocked_ticket_points,worst_blocked_ticket_points,mean_blocked_retention,worst_blocked_retention
0,Original baseline,"1,8,10,13,15,17,19,22,23,29,33,37","23,13,17,15,1,22,19,37,10",Athina--Brindisi | Athina--Smyrna | Barcelona--Madrid | Barcelona--Marseille | Berlin--Danzic | Berlin--Wien | Brest--Paris | Brindisi--Roma | Bruxelles--Paris | Dieppe--London | Dieppe--Paris | Marseille--Paris | Marseille--Zurich | Roma--Venezia | Venezia--Zagrab | Venezia--Zurich | Wien--Zagrab,42.0,9.0,12.0,3.0,0.75,96.0,25.0,0.7395833333333334,71.0,71.0,54.0,125.0,1.6904761904761905,2.9761904761904763,2.9761904761904763,69.4,63.0,0.9774647887323944,0.8873239436619719
0,Learned revised,"1,8,10,13,15,17,19,22,23,29,33,37","23,13,17,15,1,22,19,37,10",Athina--Brindisi | Athina--Smyrna | Barcelona--Madrid | Barcelona--Marseille | Berlin--Danzic | Berlin--Wien | Brest--Paris | Brindisi--Roma | Bruxelles--Paris | Dieppe--London | Dieppe--Paris | Marseille--Paris | Marseille--Zurich | Roma--Venezia | Venezia--Zagrab | Venezia--Zurich | Wien--Zagrab,42.0,9.0,12.0,3.0,0.75,96.0,25.0,0.7395833333333334,70.55920410113016,71.0,54.0,125.0,1.6904761904761905,2.9761904761904763,2.9761904761904763,69.4,63.0,0.9774647887323944,0.8873239436619719
1,Original baseline,"8,11,13,16,22,24,27,31,33,34,41,43","16,33,43,22,24,31,41",Amsterdam--Frankfurt | Amsterdam--London | Athina--Smyrna | Athina--Sofia | Berlin--Danzic | Berlin--Frankfurt | Berlin--Wien | Brest--Paris | Bucuresti--Budapest | Bucuresti--Sofia | Budapest--Wien | Danzic--Riga | Edinburgh--London | Frankfurt--Paris | Petrograd--Riga,42.0,7.0,12.0,5.0,0.5833333333333334,114.0,41.0,0.6403508771929824,73.0,73.0,58.0,131.0,1.7380952380952381,3.119047619047619,3.119047619047619,55.4,25.0,0.7589041095890411,0.3424657534246575
1,Learned revised,"8,11,13,16,22,24,27,31,33,34,41,43","34,16,33,8,41,22,24",Berlin--Frankfurt | Berlin--Wien | Brest--Paris | Bucuresti--Budapest | Bucuresti--Kyiv | Bucuresti--Sofia | Budapest--Wien | Dieppe--London | Dieppe--Paris | Edinburgh--London | Erzurum--Sochi | Frankfurt--Paris | Kyiv--Smolensk | Moskva--Petrograd | Moskva--Smolensk | Rostov--Sochi,44.0,7.0,12.0,5.0,0.5833333333333334,114.0,50.0,0.5614035087719298,64.4357802443654,64.0,62.0,126.0,1.4545454545454546,2.8636363636363638,2.8636363636363638,58.6,37.0,0.915625,0.578125
2,Original baseline,"7,9,18,27,32,34,36,37,38,40,41,45","38,40,45",Athina--Palermo | Athina--Sofia | Bucuresti--Kyiv | Bucuresti--Sevastopol | Bucuresti--Sofia | Erzurum--Sevastopol | Khobenhaven--Stockholm | Kyiv--Wilno | Moskva--Petrograd | Petrograd--Stockholm | Petrograd--Wilno,44.0,3.0,12.0,9.0,0.25,131.0,84.0,0.35877862595419846,47.0,47.0,83.0,130.0,1.0681818181818181,2.9545454545454546,2.9545454545454546,47.0,47.0,1.0,1.0
2,Learned revised,"7,9,18,27,32,34,36,37,38,40,41,45","38,40,45",Athina--Palermo | Athina--Sofia | Bucuresti--Kyiv | Bucuresti--Sevastopol | Bucuresti--Sofia | Erzurum--Sevastopol | Khobenhaven--Stockholm | Kyiv--Wilno | Moskva--Petrograd | Petrograd--Stockholm | Petrograd--Wilno,44.0,3.0,12.0,9.0,0.25,131.0,84.0,0.35877862595419846,47.02493391237121,47.0,83.0,130.0,1.0681818181818181,2.9545454545454546,2.9545454545454546,47.0,47.0,1.0,1.0
3,Original baseline,"6,8,9,15,18,20,23,24,27,28,37,43","23,15,27,20,43,24,37",Athina--Brindisi | Athina--Sarajevo | Barcelona--Madrid | Barcelona--Marseille | Brest--Paris | Dieppe--London | Dieppe--Paris | Edinburgh--London | Marseille--Paris | Marseille--Zurich | Munchen--Zurich | Sarajevo--Zagrab | Venezia--Zagrab | Venezia--Zurich,39.0,7.0,12.0,5.0,0.5833333333333334,117.0,53.0,0.5470085470085471,64.0,64.0,56.0,120.0,1.641025641025641,3.076923076923077,3.076923076923077,64.0,64.0,1.0,1.0
3,Learned revised,"6,8,9,15,18,20,23,24,27,28,37,43","23,15,27,20,43,24,37",Athina--Brindisi | Athina--Sarajevo | Barcelona--Madrid | Barcelona--Marseille | Brest--Paris | Dieppe--London | Dieppe--Paris | Edinburgh--London | Marseille--Paris | Marseille--Zurich | Munchen--Zurich | Sarajevo--Zagrab | Venezia--Zagrab | Venezia--Zurich,39.0,7.0,12.0,5.0,0.5833333333333334,117.0,53.0,0.5470085470085471,63.629936294319464,64.0,56.0,120.0,1.641025641025641,3.076923076923077,3.076923076923077,64.0,64.0,1.0,1.0
4,Original baseline,"11,13,21,23,28,33,34,35,37,39,40,45","23,13,11,39,40,37,35",Barcelona--Madrid | Barcelona--Marseille | Brest--Paris | Brindisi--Roma | Budapest--Kyiv | Budapest--Zagrab | Kyiv--Smolensk | Kyiv--Warzawa | Marseille--Paris | Marseille--Zurich | Moskva--Smolensk | Palermo--Roma | Roma--Venezia | Venezia--Zagrab | Venezia--Zurich,44.0,7.0,12.0,5.0,0.5833333333333334,107.0,46.0,0.5700934579439252,61.0,61.0,67.0,128.0,1.3863636363636365,2.909090909090909,2.909090909090909,61.0,61.0,1.0,1.0
4,Learned revised,"11,13,21,23,28,33,34,35,37,39,40,45","21,11,13,23,39,37,40",Amsterdam--Bruxelles | Brest--Paris | Brindisi--Palermo | Brindisi--Roma | Bruxelles--Paris | Budapest--Kyiv | Budapest--Zagrab | Kyiv--Smolensk | Madrid--Pamplona | Marseille--Zurich | Moskva--Smolensk | Pamplona--Paris | Paris--Zurich | Roma--Venezia | Venezia--Zagrab | Venezia--Zurich,42.0,7.0,12.0,5.0,0.5833333333333334,107.0,45.0,0.5794392523364486,62.8503902558403,62.0,59.0,121.0,1.4761904761904763,2.880952380952381,2.880952380952381,59.0,47.0,0.9516129032258065,0.7580645161290323
5,Original baseline,"0,9,10,13,14,16,17,21,27,29,33,43","14,10,0,43,13,21,27,17,16",Amsterdam--Bruxelles | Amsterdam--Frankfurt | Amsterdam--London | Athina--Palermo | Athina--Smyrna | Barcelona--Pamplona | Berlin--Frankfurt | Brest--Dieppe | Brest--Pamplona | Bucuresti--Constantinople | Constantinople--Smyrna | Dieppe--London | Edinburgh--London | Frankfurt--Munchen | Munchen--Venezia | Palermo--Roma | Roma--Venezia,45.0,9.0,12.0,3.0,0.75,112.0,26.0,0.7678571428571429,86.0,86.0,65.0,151.0,1.9111111111111112,3.3555555555555556,3.3555555555555556,61.2,41.0,0.7116279069767443,0.47674418604651164
5,Learned revised,"0,9,10,13,14,16,17,21,27,29,33,43","14,10,0,43,13,21,27,17,16",Amsterdam--Bruxelles | Amsterdam--Frankfurt | Amsterdam--London | Athina--Palermo | Athina--Smyrna | Barcelona--Pamplona | Berlin--Frankfurt | Brest--Dieppe | Brest--Pamplona | Bucuresti--Constantinople | Constantinople--Smyrna | Dieppe--London | Edinburgh--London | Frankfurt--Munchen | Munchen--Venezia | Palermo--Roma | Roma--Venezia,45.0,9.0,12.0,3.0,0.75,112.0,26.0,0.7678571428571429,85.90459050724314,86.0,65.0,151.0,1.9111111111111112,3.3555555555555556,3.3555555555555556,61.2,41.0,0.7116279069767443,0.47674418604651164
6,Original baseline,"0,1,8,9,10,26,27,28,29,34,37,43","34,29,26,9,8,1,28",Amsterdam--Frankfurt | Amsterdam--London | Berlin--Frankfurt | Berlin--Warzawa | Berlin--Wien | Budapest--Sarajevo | Budapest--Wien | Erzurum--Sochi | Kharkov--Kyiv | Kharkov--Rostov | Kyiv--Smolensk | Kyiv--Warzawa | Moskva--Smolensk | Rostov--Sochi | Sevastopol--Sochi,40.0,7.0,12.0,5.0,0.5833333333333334,117.0,53.0,0.5470085470085471,64.0,64.0,54.0,118.0,1.6,2.95,2.95,57.4,41.0,0.896875,0.640625
6,Learned revised,"0,1,8,9,10,26,27,28,29,34,37,43","34,29,26,8,9,1,28",Amsterdam--Frankfurt | Amsterdam--London | Berlin--Frankfurt | Berlin--Warzawa | Berlin--Wien | Budapest--Sarajevo | Budapest--Wien | Erzurum--Sochi | Kharkov--Kyiv | Kharkov--Rostov | Kyiv--Smolensk | Kyiv--Warzawa | Moskva--Smolensk | Rostov--Sochi | Sevastopol--Sochi,40.0,7.0,12.0,5.0,0.5833333333333334,117.0,53.0,0.5470085470085471,63.952346652057685,64.0,54.0,118.0,1.6,2.95,2.95,57.4,41.0,0.896875,0.640625
7,Original baseline,"1,11,24,27,28,29,30,34,35,41,42,43","24,43,1,41,35,30",Angora--Smyrna | Athina--Brindisi | Athina--Smyrna | Brest--Dieppe | Brindisi--Roma | Dieppe--London | Dieppe--Paris | Edinburgh--London | Paris--Zurich | Petrograd--Wilno | Roma--Venezia | Smolensk--Wilno | Venezia--Zagrab | Venezia--Zurich | Warzawa--Wien | Warzawa--Wilno | Wien--Zagrab,45.0,6.0,12.0,6.0,0.5,126.0,57.0,0.5476190476190477,69.0,69.0,61.0,130.0,1.5333333333333334,2.888888888888889,2.888888888888889,68.0,64.0,0.9855072463768116,0.927536231884058
7,Learned revised,"1,11,24,27,28,29,30,34,35,41,42,43","35,34,29,24,43,1",Athina--Brindisi | Brindisi--Roma | Dieppe--London | Dieppe--Paris | Edinburgh--London | Erzurum--Sochi | Kharkov--Kyiv | Kharkov--Rostov | Paris--Zurich | Roma--Venezia | Rostov--Sochi | Smolensk--Wilno | Venezia--Zagrab | Venezia--Zurich | Warzawa--Wilno | Wien--Zagrab,41.0,6.0,12.0,6.0,0.5,126.0,69.0,0.4523809523809524,56.97015293946944,57.0,54.0,111.0,1.3902439024390243,2.707317073170732,2.707317073170732,57.0,57.0,1.0,1.0
8,Original baseline,"1,4,6,11,13,15,19,23,28,29,38,44","23,13,11,15,1,44,19",Amsterdam--Bruxelles | Amsterdam--Essen | Amsterdam--London | Barcelona--Madrid | Barcelona--Marseille | Berlin--Danzic | Berlin--Essen | Brest--Paris | Cadiz--Madrid | Dieppe--London | Dieppe--Paris | Essen--Khobenhaven | Khobenhaven--Stockholm | Marseille--Paris | Marseille--Zurich | Venezia--Zagrab | Venezia--Zurich | Wien--Zagrab,44.0,7.0,12.0,5.0,0.5833333333333334,114.0,43.0,0.6228070175438597,71.0,71.0,56.0,127.0,1.6136363636363635,2.8863636363636362,2.8863636363636362,71.0,71.0,1.0,1.0
8,Learned revised,"1,4,6,11,13,15,19,23,28,29,38,44","38,4,6,29,28,23,13,11,15",Athina--Sofia | Barcelona--Madrid | Barcelona--Marseille | Brest--Paris | Bucuresti--Kyiv | Bucuresti--Sevastopol | Bucuresti--Sofia | Dieppe--Paris | Kyiv--Wilno | Marseille--Paris | Marseille--Zurich | Petrograd--Wilno | Riga--Wilno | Sarajevo--Sofia | Sevastopol--Sochi | Venezia--Zurich,45.0,9.0,12.0,3.0,0.75,114.0,40.0,0.6491228070175439,74.38706177183357,74.0,65.0,139.0,1.6444444444444444,3.088888888888889,3.088888888888889,74.0,74.0,1.0,1.0
9,Original baseline,"6,9,14,21,23,27,31,34,37,40,41,42","14,40,6,31,9,23",Athina--Palermo | Athina--Smyrna | Brest--Paris | Bucuresti--Budapest | Bucuresti--Constantinople | Bucuresti--Kyiv | Bucuresti--Sofia | Budapest--Wien | Constantinople--Smyrna | Frankfurt--Munchen | Kyiv--Smolensk | Kyiv--Wilno | Marseille--Paris | Moskva--Smolensk | Munchen--Wien,43.0,6.0,12.0,6.0,0.5,130.0,66.0,0.49230769230769234,64.0,64.0,65.0,129.0,1.4883720930232558,3.0,3.0,53.6,25.0,0.8375,0.390625
9,Learned revised,"6,9,14,21,23,27,31,34,37,40,41,42","23,21,14,40,6,31,34",Amsterdam--Bruxelles | Athina--Palermo | Athina--Smyrna | Brest--Paris | Bruxelles--Paris | Bucuresti--Constantinople | Bucuresti--Kyiv | Bucuresti--Sofia | Constantinople--Smyrna | Erzurum--Sochi | Kyiv--Smolensk | Kyiv--Wilno | Marseille--Paris | Moskva--Smolensk | Pamplona--Paris | Rostov--Sochi,45.0,7.0,12.0,5.0,0.5833333333333334,130.0,67.0,0.4846153846153846,62.818209081062506,63.0,67.0,130.0,1.4,2.888888888888889,2.888888888888889,53.8,24.0,0.8539682539682539,0.38095238095238093
10,Original baseline,"1,6,8,12,16,17,18,20,34,35,44,45","16,45,1,12,20,18,34,8",Amsterdam--Bruxelles | Amsterdam--Essen | Amsterdam--London | Berlin--Essen | Berlin--Wien | Bruxelles--Paris | Bucuresti--Budapest | Bucuresti--Sevastopol | Budapest--Wien | Erzurum--Sevastopol | Essen--Khobenhaven | Kharkov--Moskva | Kharkov--Rostov | Roma--Venezia | Rostov--Sevastopol | Venezia--Zagrab | Wien--Zagrab,45.0,8.0,12.0,4.0,0.6666666666666666,126.0,46.0,0.6349206349206349,80.0,80.0,63.0,143.0,1.7777777777777777,3.1777777777777776,3.1777777777777776,80.0,80.0,1.0,1.0
10,Learned revised,"1,6,8,12,16,17,18,20,34,35,44,45","34,35,8,45,16,6,18",Athina--Brindisi | Athina--Sofia | Berlin--Essen | Berlin--Warzawa | Brindisi--Roma | Bucuresti--Kyiv | Bucuresti--Sofia | Erzurum--Sochi | Essen--Khobenhaven | Kharkov--Moskva | Kharkov--Rostov | Kyiv--Wilno | Moskva--Smolensk | Rostov--Sochi | Smolensk--Wilno | Warzawa--Wilno,45.0,7.0,12.0,5.0,0.5833333333333334,126.0,54.0,0.5714285714285714,73.21980483664787,72.0,62.0,134.0,1.6,2.977777777777778,2.977777777777778,72.0,72.0,1.0,1.0
11,Original baseline,"5,7,12,15,16,18,25,26,27,32,33,37","15,16,33,12,27,18,7,37",Amsterdam--Frankfurt | Barcelona--Pamplona | Berlin--Frankfurt | Berlin--Wien | Brindisi--Roma | Bucuresti--Budapest | Bucuresti--Kyiv | Bucuresti--Sofia | Budapest--Wien | Dieppe--Paris | Frankfurt--Munchen | Frankfurt--Paris | Kyiv--Wilno | Madrid--Pamplona | Munchen--Venezia | Pamplona--Paris | Roma--Venezia | Venezia--Zagrab,44.0,8.0,12.0,4.0,0.6666666666666666,95.0,31.0,0.6736842105263158,64.0,64.0,57.0,121.0,1.4545454545454546,2.75,2.75,49.2,35.0,0.76875,0.546875
11,Learned revised,"5,7,12,15,16,18,25,26,27,32,33,37","33,16,12,25,18,5,32,7,37",Amsterdam--Frankfurt | Berlin--Frankfurt | Berlin--Wien | Brindisi--Roma | Bucuresti--Kyiv | Bucuresti--Sofia | Budapest--Sarajevo | Budapest--Wien | Essen--Frankfurt | Essen--Khobenhaven | Frankfurt--Paris | Khobenhaven--Stockholm | Kyiv--Wilno | Marseille--Paris | Marseille--Roma | Sarajevo--Sofia | Wien--Zagrab,45.0,9.0,12.0,3.0,0.75,95.0,24.0,0.7473684210526316,70.36017133566848,71.0,60.0,131.0,1.5777777777777777,2.911111111111111,2.911111111111111,59.6,26.0,0.8394366197183099,0.36619718309859156
12,Original baseline,"0,9,10,14,17,19,23,25,26,31,38,39","14,10,0,31,23,17,25,19",Amsterdam--Bruxelles | Amsterdam--Essen | Athina--Palermo | Athina--Smyrna | Athina--Sofia | Barcelona--Marseille | Berlin--Danzic | Berlin--Essen | Brest--Paris | Bruxelles--Paris | Constantinople--Smyrna | Marseille--Paris | Palermo--Roma | Roma--Venezia,41.0,8.0,12.0,4.0,0.6666666666666666,96.0,33.0,0.65625,63.0,63.0,63.0,126.0,1.5365853658536586,3.073170731707317,3.073170731707317,56.8,32.0,0.9015873015873015,0.5079365079365079
12,Learned revised,"0,9,10,14,17,19,23,25,26,31,38,39","38,23,25,17,19,9,26",Barcelona--Marseille | Berlin--Danzic | Berlin--Essen | Brest--Paris | Bruxelles--Paris | Danzic--Warzawa | Essen--Frankfurt | Frankfurt--Paris | Kharkov--Kyiv | Kharkov--Rostov | Kyiv--Wilno | Marseille--Paris | Petrograd--Wilno | Smolensk--Wilno | Warzawa--Wilno,43.0,7.0,12.0,5.0,0.5833333333333334,96.0,37.0,0.6145833333333334,58.94060556157071,59.0,60.0,119.0,1.372093023255814,2.7674418604651163,2.7674418604651163,59.0,59.0,1.0,1.0
13,Original baseline,"6,12,15,16,21,23,27,28,30,32,41,43","23,15,27,12,41,6,21",Amsterdam--Bruxelles | Athina--Sarajevo | Barcelona--Madrid | Barcelona--Marseille | Barcelona--Pamplona | Brest--Paris | Bruxelles--Paris | Budapest--Sarajevo | Budapest--Wien | Dieppe--Paris | Marseille--Paris | Marseille--Zurich | Munchen--Wien | Munchen--Zurich | Petrograd--Wilno | Warzawa--Wien | Warzawa--Wilno,45.0,7.0,12.0,5.0,0.5833333333333334,116.0,47.0,0.5948275862068966,69.0,69.0,64.0,133.0,1.5333333333333334,2.9555555555555557,2.9555555555555557,69.0,69.0,1.0,1.0
13,Learned revised,"6,12,15,16,21,23,27,28,30,32,41,43","23,15,27,12,41,6,21",Amsterdam--Bruxelles | Athina--Sarajevo | Barcelona--Madrid | Barcelona--Marseille | Barcelona--Pamplona | Brest--Paris | Bruxelles--Paris | Budapest--Sarajevo | Budapest--Wien | Dieppe--Paris | Marseille--Paris | Marseille--Zurich | Munchen--Wien | Munchen--Zurich | Petrograd--Wilno | Warzawa--Wien | Warzawa--Wilno,45.0,7.0,12.0,5.0,0.5833333333333334,116.0,47.0,0.5948275862068966,70.01496967624566,69.0,64.0,133.0,1.5333333333333334,2.9555555555555557,2.9555555555555557,69.0,69.0,1.0,1.0
14,Original baseline,"3,10,16,17,21,26,30,34,35,38,40,41","38,40,10,41,30",Angora--Smyrna | Athina--Palermo | Athina--Smyrna | Athina--Sofia | Brest--Paris | Bucuresti--Kyiv | Bucuresti--Sofia | Kyiv--Wilno | Moskva--Petrograd | Palermo--Roma | Paris--Zurich | Petrograd--Wilno | Roma--Venezia | Venezia--Zurich,44.0,5.0,12.0,7.0,0.4166666666666667,111.0,52.0,0.5315315315315315,59.0,59.0,69.0,128.0,1.3409090909090908,2.909090909090909,2.909090909090909,56.4,46.0,0.9559322033898305,0.7796610169491526
14,Learned revised,"3,10,16,17,21,26,30,34,35,38,40,41","38,40,10,41,30",Angora--Smyrna | Athina--Palermo | Athina--Smyrna | Athina--Sofia | Brest--Paris | Bucuresti--Kyiv | Bucuresti--Sofia | Kyiv--Wilno | Moskva--Petrograd | Palermo--Roma | Paris--Zurich | Petrograd--Wilno | Roma--Venezia | Venezia--Zurich,44.0,5.0,12.0,7.0,0.4166666666666667,111.0,52.0,0.5315315315315315,57.778270157898575,59.0,69.0,128.0,1.3409090909090908,2.909090909090909,2.909090909090909,56.4,46.0,0.9559322033898305,0.7796610169491526
15,Original baseline,"0,3,4,9,11,15,16,28,29,35,40,45","3,9,35,16,45,29,4,28",Berlin--Essen | Berlin--Warzawa | Bucuresti--Kyiv | Bucuresti--Sevastopol | Bucuresti--Sofia | Danzic--Riga | Danzic--Warzawa | Erzurum--Sevastopol | Essen--Frankfurt | Essen--Khobenhaven | Kyiv--Smolensk | Kyiv--Warzawa | Sarajevo--Sofia | Sevastopol--Sochi,41.0,8.0,12.0,4.0,0.6666666666666666,130.0,46.0,0.6461538461538462,84.0,84.0,59.0,143.0,2.048780487804878,3.4878048780487805,3.4878048780487805,84.0,84.0,1.0,1.0
15,Learned revised,"0,3,4,9,11,15,16,28,29,35,40,45","15,11,35,9,3,16,4,29",Berlin--Essen | Berlin--Frankfurt | Berlin--Warzawa | Bucuresti--Kyiv | Bucuresti--Sevastopol | Dieppe--Paris | Kyiv--Wilno | Madrid--Pamplona | Pamplona--Paris | Paris--Zurich | Riga--Wilno | Sevastopol--Sochi | Smolensk--Wilno | Warzawa--Wilno,42.0,8.0,12.0,4.0,0.6666666666666666,130.0,59.0,0.5461538461538461,71.45542181445772,71.0,62.0,133.0,1.6904761904761905,3.1666666666666665,3.1666666666666665,65.2,55.0,0.9183098591549296,0.7746478873239436
16,Original baseline,"0,1,10,12,18,24,26,31,33,35,38,40","38,40,31,10,0,33,18",Athina--Palermo | Athina--Smyrna | Athina--Sofia | Berlin--Wien | Bucuresti--Budapest | Bucuresti--Kyiv | Bucuresti--Sofia | Budapest--Wien | Constantinople--Smyrna | Kyiv--Wilno | Moskva--Petrograd | Palermo--Roma | Petrograd--Wilno | Roma--Venezia,43.0,7.0,12.0,5.0,0.5833333333333334,102.0,39.0,0.6176470588235294,63.0,63.0,69.0,132.0,1.4651162790697674,3.0697674418604652,3.0697674418604652,58.4,40.0,0.9269841269841269,0.6349206349206349
16,Learned revised,"0,1,10,12,18,24,26,31,33,35,38,40","38,40,31,10,0,33,18",Athina--Palermo | Athina--Smyrna | Athina--Sofia | Berlin--Wien | Bucuresti--Budapest | Bucuresti--Kyiv | Bucuresti--Sofia | Budapest--Wien | Constantinople--Smyrna | Kyiv--Wilno | Moskva--Petrograd | Palermo--Roma | Petrograd--Wilno | Roma--Venezia,43.0,7.0,12.0,5.0,0.5833333333333334,102.0,39.0,0.6176470588235294,62.25912567400459,63.0,69.0,132.0,1.4651162790697674,3.0697674418604652,3.0697674418604652,58.4,40.0,0.9269841269841269,0.6349206349206349
17,Original baseline,"1,8,15,20,24,28,30,32,33,37,39,40","15,24,1,20,39,30,32,33",Angora--Smyrna | Athina--Smyrna | Budapest--Sarajevo | Budapest--Wien | Dieppe--London | Dieppe--Paris | Edinburgh--London | Essen--Frankfurt | Essen--Khobenhaven | Frankfurt--Munchen | Frankfurt--Paris | Madrid--Pamplona | Munchen--Wien | Munchen--Zurich | Pamplona--Paris | Sarajevo--Sofia | Wien--Zagrab,42.0,8.0,12.0,4.0,0.6666666666666666,99.0,46.0,0.5353535353535354,53.0,53.0,54.0,107.0,1.2619047619047619,2.5476190476190474,2.5476190476190474,47.0,36.0,0.8867924528301887,0.6792452830188679
17,Learned revised,"1,8,15,20,24,28,30,32,33,37,39,40","24,15,1,20,39,33,28,30",Angora--Smyrna | Athina--Smyrna | Bucuresti--Sevastopol | Bucuresti--Sofia | Budapest--Sarajevo | Budapest--Wien | Dieppe--London | Dieppe--Paris | Edinburgh--London | Frankfurt--Munchen | Frankfurt--Paris | Madrid--Pamplona | Munchen--Wien | Munchen--Zurich | Pamplona--Paris | Sarajevo--Sofia | Wien--Zagrab,43.0,8.0,12.0,4.0,0.6666666666666666,99.0,43.0,0.5656565656565656,55.22802643366671,56.0,57.0,113.0,1.302325581395349,2.627906976744186,2.627906976744186,50.0,39.0,0.8928571428571429,0.6964285714285714
18,Original baseline,"2,3,9,12,13,21,25,28,29,31,36,41","3,9,41,12,25,13,21",Amsterdam--Frankfurt | Berlin--Essen | Berlin--Warzawa | Berlin--Wien | Brest--Paris | Essen--Frankfurt | Frankfurt--Munchen | Frankfurt--Paris | Kyiv--Smolensk | Kyiv--Warzawa | Marseille--Paris | Moskva--Petrograd | Moskva--Smolensk | Munchen--Venezia | Pamplona--Paris,44.0,7.0,12.0,5.0,0.5833333333333334,111.0,37.0,0.6666666666666666,74.0,74.0,63.0,137.0,1.6818181818181819,3.1136363636363638,3.1136363636363638,69.6,66.0,0.9405405405405405,0.8918918918918919
18,Learned revised,"2,3,9,12,13,21,25,28,29,31,36,41","21,25,12,3,41,9,13",Amsterdam--Bruxelles | Amsterdam--Essen | Berlin--Essen | Berlin--Wien | Brest--Paris | Bruxelles--Paris | Budapest--Kyiv | Budapest--Wien | Essen--Frankfurt | Frankfurt--Munchen | Kyiv--Smolensk | Kyiv--Wilno | Marseille--Paris | Munchen--Venezia | Pamplona--Paris | Petrograd--Wilno,44.0,7.0,12.0,5.0,0.5833333333333334,111.0,37.0,0.6666666666666666,75.4181237538734,74.0,66.0,140.0,1.6818181818181819,3.1818181818181817,3.1818181818181817,71.0,66.0,0.9594594594594594,0.8918918918918919
19,Original baseline,"2,7,9,12,16,23,24,27,28,38,40,41","23,38,41,7,9,40,12",Amsterdam--Frankfurt | Berlin--Frankfurt | Berlin--Warzawa | Berlin--Wien | Brest--Paris | Frankfurt--Paris | Kyiv--Wilno | Marseille--Paris | Marseille--Roma | Moskva--Smolensk | Palermo--Roma | Petrograd--Wilno | Smolensk--Wilno | Warzawa--Wilno,44.0,7.0,12.0,5.0,0.5833333333333334,127.0,41.0,0.6771653543307087,86.0,86.0,65.0,151.0,1.9545454545454546,3.4318181818181817,3.4318181818181817,69.0,13.0,0.8023255813953488,0.1511627906976744
19,Learned revised,"2,7,9,12,16,23,24,27,28,38,40,41","38,40,28,23,16",Athina--Palermo | Athina--Sofia | Berlin--Wien | Brest--Paris | Bucuresti--Kyiv | Bucuresti--Sevastopol | Bucuresti--Sofia | Budapest--Sarajevo | Budapest--Wien | Kyiv--Wilno | Marseille--Paris | Moskva--Petrograd | Petrograd--Wilno | Sarajevo--Sofia,45.0,5.0,12.0,7.0,0.4166666666666667,127.0,78.0,0.3858267716535433,48.60256494210082,49.0,73.0,122.0,1.0888888888888888,2.7111111111111112,2.7111111111111112,49.0,49.0,1.0,1.0
20,Original baseline,"0,2,6,8,10,14,20,22,25,31,33,45","14,10,0,31,6,2,33,8",Angora--Constantinople | Athina--Palermo | Athina--Smyrna | Athina--Sofia | Berlin--Wien | Bucuresti--Budapest | Bucuresti--Kyiv | Bucuresti--Sofia | Budapest--Wien | Constantinople--Smyrna | Kharkov--Kyiv | Kharkov--Moskva | Kyiv--Wilno | Palermo--Roma | Roma--Venezia,45.0,8.0,12.0,4.0,0.6666666666666666,112.0,43.0,0.6160714285714286,69.0,69.0,71.0,140.0,1.5333333333333334,3.111111111111111,3.111111111111111,60.8,28.0,0.881159420289855,0.4057971014492754
20,Learned revised,"0,2,6,8,10,14,20,22,25,31,33,45","14,10,0,31,6,2,33,8",Angora--Constantinople | Athina--Palermo | Athina--Smyrna | Athina--Sofia | Berlin--Wien | Bucuresti--Budapest | Bucuresti--Kyiv | Bucuresti--Sofia | Budapest--Wien | Constantinople--Smyrna | Kharkov--Kyiv | Kharkov--Moskva | Kyiv--Wilno | Palermo--Roma | Roma--Venezia,45.0,8.0,12.0,4.0,0.6666666666666666,112.0,43.0,0.6160714285714286,68.25934141184254,69.0,71.0,140.0,1.5333333333333334,3.111111111111111,3.111111111111111,60.8,28.0,0.881159420289855,0.4057971014492754
21,Original baseline,"2,6,7,10,13,24,25,28,30,38,42,43","38,6,28,2,30,24,10",Angora--Constantinople | Athina--Brindisi | Athina--Smyrna | Athina--Sofia | Brindisi--Roma | Bucuresti--Constantinople | Bucuresti--Kyiv | Bucuresti--Sevastopol | Bucuresti--Sofia | Dieppe--London | Dieppe--Paris | Edinburgh--London | Kharkov--Kyiv | Kyiv--Wilno | Petrograd--Wilno | Sarajevo--Sofia,45.0,7.0,12.0,5.0,0.5833333333333334,124.0,69.0,0.4435483870967742,55.0,55.0,65.0,120.0,1.2222222222222223,2.6666666666666665,2.6666666666666665,53.4,47.0,0.9709090909090908,0.8545454545454545
21,Learned revised,"2,6,7,10,13,24,25,28,30,38,42,43","38,6,28,2,30,24,13",Angora--Constantinople | Athina--Sofia | Brest--Dieppe | Bucuresti--Constantinople | Bucuresti--Kyiv | Bucuresti--Sevastopol | Bucuresti--Sofia | Dieppe--London | Dieppe--Paris | Edinburgh--London | Kharkov--Kyiv | Kyiv--Wilno | Paris--Zurich | Petrograd--Wilno | Sarajevo--Sofia | Venezia--Zurich,44.0,7.0,12.0,5.0,0.5833333333333334,124.0,69.0,0.4435483870967742,54.71851653554505,55.0,62.0,117.0,1.25,2.659090909090909,2.659090909090909,55.0,55.0,1.0,1.0
22,Original baseline,"0,1,5,6,9,10,14,19,23,25,41,42","14,10,0,6,41,23,9",Athina--Palermo | Athina--Smyrna | Brest--Paris | Bucuresti--Constantinople | Bucuresti--Kyiv | Constantinople--Smyrna | Frankfurt--Paris | Kyiv--Smolensk | Kyiv--Wilno | Marseille--Zurich | Palermo--Roma | Paris--Zurich | Petrograd--Wilno | Roma--Venezia | Venezia--Zurich,45.0,7.0,12.0,5.0,0.5833333333333334,134.0,57.0,0.5746268656716418,77.0,77.0,68.0,145.0,1.711111111111111,3.2222222222222223,3.2222222222222223,63.0,7.0,0.8181818181818182,0.09090909090909091
22,Learned revised,"0,1,5,6,9,10,14,19,23,25,41,42","23,25,41,42,19,9",Barcelona--Madrid | Barcelona--Marseille | Berlin--Danzic | Berlin--Essen | Brest--Paris | Bruxelles--Frankfurt | Danzic--Riga | Essen--Frankfurt | Frankfurt--Paris | Lisboa--Madrid | Marseille--Paris | Moskva--Petrograd | Moskva--Smolensk | Petrograd--Riga,41.0,6.0,12.0,6.0,0.5,134.0,57.0,0.5746268656716418,77.0134969764753,77.0,58.0,135.0,1.8780487804878048,3.292682926829268,3.292682926829268,77.0,77.0,1.0,1.0
23,Original baseline,"0,5,8,10,11,15,16,26,29,33,34,37","15,11,16,33,8,26,29,34",Berlin--Wien | Bucuresti--Budapest | Bucuresti--Kyiv | Bucuresti--Sofia | Budapest--Wien | Dieppe--Paris | Erzurum--Sochi | Kharkov--Kyiv | Kharkov--Rostov | Kyiv--Smolensk | Madrid--Pamplona | Moskva--Smolensk | Pamplona--Paris | Paris--Zurich | Rostov--Sochi,41.0,8.0,12.0,4.0,0.6666666666666666,96.0,34.0,0.6458333333333334,62.0,62.0,58.0,120.0,1.5121951219512195,2.926829268292683,2.926829268292683,58.8,46.0,0.9483870967741935,0.7419354838709677
23,Learned revised,"0,5,8,10,11,15,16,26,29,33,34,37","34,29,26,8,16,15,11,33",Berlin--Warzawa | Bucuresti--Kyiv | Budapest--Sarajevo | Dieppe--Paris | Erzurum--Sochi | Kharkov--Kyiv | Kharkov--Rostov | Kyiv--Smolensk | Kyiv--Warzawa | Madrid--Pamplona | Moskva--Smolensk | Pamplona--Paris | Paris--Zurich | Rostov--Sochi | Sarajevo--Sofia,44.0,8.0,12.0,4.0,0.6666666666666666,96.0,34.0,0.6458333333333334,62.27023982435935,62.0,64.0,126.0,1.4090909090909092,2.8636363636363638,2.8636363636363638,58.8,46.0,0.9483870967741935,0.7419354838709677
24,Original baseline,"0,3,4,10,12,16,27,28,29,40,41,45","3,16,45,29,4,28,0",Berlin--Essen | Berlin--Warzawa | Bucuresti--Kyiv | Bucuresti--Sevastopol | Bucuresti--Sofia | Constantinople--Sofia | Danzic--Riga | Danzic--Warzawa | Erzurum--Sevastopol | Essen--Khobenhaven | Kyiv--Warzawa | Sarajevo--Sofia | Sarajevo--Zagrab | Sevastopol--Sochi | Venezia--Zagrab,44.0,7.0,12.0,5.0,0.5833333333333334,139.0,64.0,0.539568345323741,75.0,75.0,63.0,138.0,1.7045454545454546,3.1363636363636362,3.1363636363636362,75.0,75.0,1.0,1.0
24,Learned revised,"0,3,4,10,12,16,27,28,29,40,41,45","3,16,45,29,4,41",Amsterdam--Bruxelles | Amsterdam--Essen | Berlin--Essen | Berlin--Warzawa | Brest--Dieppe | Bruxelles--Dieppe | Bucuresti--Kyiv | Bucuresti--Sevastopol | Danzic--Riga | Danzic--Warzawa | Erzurum--Sevastopol | Essen--Khobenhaven | Kyiv--Warzawa | Petrograd--Riga | Sevastopol--Sochi,44.0,6.0,12.0,6.0,0.5,139.0,62.0,0.5539568345323741,77.88793547999862,77.0,65.0,142.0,1.75,3.227272727272727,3.227272727272727,77.0,77.0,1.0,1.0
25,Original baseline,"14,21,24,26,27,28,30,34,35,37,39,43","14,30,21,24,43,27,37",Amsterdam--Bruxelles | Amsterdam--London | Angora--Constantinople | Athina--Palermo | Athina--Smyrna | Barcelona--Pamplona | Brindisi--Roma | Bruxelles--Paris | Constantinople--Smyrna | Edinburgh--London | Munchen--Zurich | Palermo--Roma | Pamplona--Paris | Paris--Zurich | Roma--Venezia | Venezia--Zagrab | Venezia--Zurich,44.0,7.0,12.0,5.0,0.5833333333333334,95.0,33.0,0.6526315789473685,62.0,62.0,63.0,125.0,1.4090909090909092,2.840909090909091,2.840909090909091,56.4,47.0,0.9096774193548387,0.7580645161290323
25,Learned revised,"14,21,24,26,27,28,30,34,35,37,39,43","21,24,43,37,39,27,34,35",Amsterdam--Bruxelles | Amsterdam--London | Athina--Brindisi | Barcelona--Pamplona | Brindisi--Roma | Bruxelles--Paris | Budapest--Zagrab | Edinburgh--London | Erzurum--Sochi | Munchen--Zurich | Pamplona--Paris | Paris--Zurich | Roma--Venezia | Rostov--Sochi | Smolensk--Wilno | Venezia--Zagrab | Venezia--Zurich | Warzawa--Wilno,45.0,8.0,12.0,4.0,0.6666666666666666,95.0,29.0,0.6947368421052632,66.73933212145825,66.0,58.0,124.0,1.4666666666666666,2.7555555555555555,2.7555555555555555,63.0,51.0,0.9545454545454546,0.7727272727272727
26,Original baseline,"0,2,5,13,14,15,23,29,30,32,37,38","14,30,0,37,23,13,15,32",Angora--Constantinople | Athina--Palermo | Athina--Smyrna | Barcelona--Madrid | Barcelona--Marseille | Brest--Paris | Brindisi--Roma | Constantinople--Smyrna | Dieppe--Paris | Essen--Frankfurt | Essen--Khobenhaven | Marseille--Paris | Marseille--Zurich | Palermo--Roma | Roma--Venezia | Venezia--Zagrab | Venezia--Zurich,45.0,8.0,12.0,4.0,0.6666666666666666,91.0,34.0,0.6263736263736264,57.0,57.0,65.0,122.0,1.2666666666666666,2.7111111111111112,2.7111111111111112,52.4,34.0,0.9192982456140351,0.5964912280701754
26,Learned revised,"0,2,5,13,14,15,23,29,30,32,37,38","38,23,13,15,14,0,30",Angora--Constantinople | Athina--Palermo | Athina--Smyrna | Barcelona--Madrid | Barcelona--Marseille | Brest--Paris | Constantinople--Smyrna | Dieppe--Paris | Kyiv--Wilno | Marseille--Paris | Marseille--Zurich | Palermo--Roma | Petrograd--Wilno | Roma--Venezia | Venezia--Zurich,42.0,7.0,12.0,5.0,0.5833333333333334,91.0,39.0,0.5714285714285714,51.37652016269268,52.0,64.0,116.0,1.2380952380952381,2.761904761904762,2.761904761904762,47.4,29.0,0.9115384615384615,0.5576923076923077
27,Original baseline,"0,1,2,6,19,23,27,29,31,34,40,42","23,31,40,6,2,29,34",Angora--Smyrna | Athina--Palermo | Athina--Smyrna | Athina--Sofia | Brest--Paris | Bucuresti--Kyiv | Bucuresti--Sofia | Erzurum--Sochi | Kharkov--Kyiv | Kharkov--Rostov | Kyiv--Smolensk | Kyiv--Wilno | Marseille--Paris | Moskva--Smolensk | Rostov--Sochi,45.0,7.0,12.0,5.0,0.5833333333333334,123.0,57.0,0.5365853658536586,66.0,66.0,68.0,134.0,1.4666666666666666,2.977777777777778,2.977777777777778,63.0,51.0,0.9545454545454546,0.7727272727272727
27,Learned revised,"0,1,2,6,19,23,27,29,31,34,40,42","23,34,2,29,40,6,31",Angora--Erzurum | Angora--Smyrna | Athina--Palermo | Athina--Smyrna | Athina--Sofia | Brest--Paris | Erzurum--Sochi | Kharkov--Kyiv | Kharkov--Moskva | Kharkov--Rostov | Kyiv--Wilno | Marseille--Paris | Rostov--Sochi,41.0,7.0,12.0,5.0,0.5833333333333334,123.0,57.0,0.5365853658536586,65.46057350859996,66.0,64.0,130.0,1.6097560975609757,3.1707317073170733,3.1707317073170733,58.8,30.0,0.8909090909090909,0.45454545454545453
28,Original baseline,"6,8,12,17,18,19,21,25,28,30,36,44","21,17,25,44,19,18,12,36",Amsterdam--Bruxelles | Amsterdam--Essen | Barcelona--Madrid | Barcelona--Pamplona | Berlin--Danzic | Berlin--Essen | Berlin--Wien | Brindisi--Roma | Bruxelles--Paris | Cadiz--Madrid | Essen--Khobenhaven | Khobenhaven--Stockholm | Marseille--Paris | Marseille--Roma | Marseille--Zurich | Pamplona--Paris,43.0,8.0,12.0,4.0,0.6666666666666666,112.0,36.0,0.6785714285714286,76.0,76.0,58.0,134.0,1.7674418604651163,3.116279069767442,3.116279069767442,68.8,40.0,0.9052631578947368,0.5263157894736842
28,Learned revised,"6,8,12,17,18,19,21,25,28,30,36,44","21,17,25,44,18,8",Amsterdam--Bruxelles | Amsterdam--Essen | Barcelona--Madrid | Barcelona--Pamplona | Berlin--Essen | Bruxelles--Paris | Cadiz--Madrid | Essen--Khobenhaven | Khobenhaven--Stockholm | Marseille--Paris | Marseille--Roma | Moskva--Petrograd | Pamplona--Paris | Petrograd--Stockholm,45.0,6.0,12.0,6.0,0.5,112.0,47.0,0.5803571428571429,66.41395351540413,65.0,74.0,139.0,1.4444444444444444,3.088888888888889,3.088888888888889,57.8,29.0,0.8892307692307692,0.4461538461538462
29,Original baseline,"4,12,14,16,18,21,26,27,29,32,33,37","14,4,29,26,16,18",Athina--Palermo | Athina--Smyrna | Berlin--Danzic | Bucuresti--Constantinople | Bucuresti--Kyiv | Bucuresti--Sevastopol | Constantinople--Smyrna | Danzic--Riga | Kyiv--Smolensk | Kyiv--Wilno | Palermo--Roma | Riga--Wilno | Rostov--Sochi | Sevastopol--Sochi,44.0,6.0,12.0,6.0,0.5,90.0,39.0,0.5666666666666667,51.0,51.0,69.0,120.0,1.1590909090909092,2.727272727272727,2.727272727272727,47.6,34.0,0.9333333333333333,0.6666666666666666
29,Learned revised,"4,12,14,16,18,21,26,27,29,32,33,37","14,21,16,33,4,12,27",Amsterdam--Bruxelles | Athina--Palermo | Athina--Smyrna | Barcelona--Pamplona | Berlin--Danzic | Berlin--Frankfurt | Berlin--Wien | Bruxelles--Frankfurt | Bruxelles--Paris | Bucuresti--Budapest | Bucuresti--Sofia | Budapest--Wien | Constantinople--Smyrna | Danzic--Riga | Frankfurt--Munchen | Pamplona--Paris,42.0,7.0,12.0,5.0,0.5833333333333334,90.0,36.0,0.6,54.35612905318858,54.0,61.0,115.0,1.2857142857142858,2.738095238095238,2.738095238095238,46.2,39.0,0.8555555555555556,0.7222222222222222
30,Original baseline,"3,7,8,10,14,16,18,19,27,31,32,44","14,10,31,3,16,18,7,19",Amsterdam--Bruxelles | Amsterdam--Essen | Athina--Palermo | Athina--Smyrna | Athina--Sofia | Berlin--Essen | Berlin--Warzawa | Bucuresti--Kyiv | Bucuresti--Sofia | Constantinople--Smyrna | Danzic--Warzawa | Kyiv--Warzawa | Kyiv--Wilno | Palermo--Roma,41.0,8.0,12.0,4.0,0.6666666666666666,115.0,46.0,0.6,69.0,69.0,64.0,133.0,1.6829268292682926,3.2439024390243905,3.2439024390243905,64.8,48.0,0.9391304347826086,0.6956521739130435
30,Learned revised,"3,7,8,10,14,16,18,19,27,31,32,44","14,10,31,16,18,3,8,7",Amsterdam--Essen | Athina--Palermo | Athina--Smyrna | Athina--Sofia | Berlin--Essen | Berlin--Wien | Bucuresti--Budapest | Bucuresti--Kyiv | Bucuresti--Sofia | Budapest--Wien | Constantinople--Smyrna | Kyiv--Smolensk | Kyiv--Wilno | Moskva--Smolensk | Palermo--Roma,43.0,8.0,12.0,4.0,0.6666666666666666,115.0,43.0,0.6260869565217392,71.79031095930944,72.0,65.0,137.0,1.6744186046511629,3.186046511627907,3.186046511627907,67.8,51.0,0.9416666666666667,0.7083333333333334
31,Original baseline,"1,2,3,7,13,20,21,25,27,32,41,43","3,7,41,21,25,1,20,13",Amsterdam--Bruxelles | Amsterdam--Essen | Amsterdam--London | Berlin--Essen | Berlin--Warzawa | Berlin--Wien | Brest--Dieppe | Brest--Pamplona | Bruxelles--Dieppe | Dieppe--Paris | Kyiv--Warzawa | Kyiv--Wilno | Marseille--Pamplona | Petrograd--Wilno | Venezia--Zagrab | Wien--Zagrab,42.0,8.0,12.0,4.0,0.6666666666666666,126.0,44.0,0.6507936507936508,82.0,82.0,59.0,141.0,1.9523809523809523,3.357142857142857,3.357142857142857,82.0,82.0,1.0,1.0
31,Learned revised,"1,2,3,7,13,20,21,25,27,32,41,43","21,25,7,41,3,1,20,13,27",Amsterdam--Bruxelles | Amsterdam--Essen | Amsterdam--London | Barcelona--Pamplona | Berlin--Essen | Berlin--Warzawa | Berlin--Wien | Brest--Paris | Bruxelles--Paris | Kyiv--Wilno | Marseille--Paris | Munchen--Venezia | Pamplona--Paris | Petrograd--Wilno | Venezia--Zagrab | Warzawa--Wilno | Wien--Zagrab,45.0,9.0,12.0,3.0,0.75,126.0,36.0,0.7142857142857143,90.82575999791055,90.0,61.0,151.0,2.0,3.3555555555555556,3.3555555555555556,87.0,75.0,0.9666666666666667,0.8333333333333334
32,Original baseline,"0,1,4,9,13,18,20,21,25,28,29,36","4,29,28,0,9,20,13",Brest--Paris | Bucuresti--Kyiv | Bucuresti--Sevastopol | Bucuresti--Sofia | Constantinople--Sofia | Frankfurt--Munchen | Frankfurt--Paris | Kyiv--Smolensk | Kyiv--Wilno | Munchen--Venezia | Riga--Wilno | Sarajevo--Sofia | Sarajevo--Zagrab | Sevastopol--Sochi | Venezia--Zagrab,41.0,7.0,12.0,5.0,0.5833333333333334,104.0,40.0,0.6153846153846154,64.0,64.0,55.0,119.0,1.5609756097560976,2.902439024390244,2.902439024390244,58.4,36.0,0.9125,0.5625
32,Learned revised,"0,1,4,9,13,18,20,21,25,28,29,36","21,25,18,1,20,9,13",Amsterdam--Bruxelles | Amsterdam--Essen | Amsterdam--London | Berlin--Essen | Berlin--Wien | Brest--Paris | Bruxelles--Paris | Budapest--Kyiv | Budapest--Wien | Essen--Frankfurt | Kyiv--Smolensk | Marseille--Paris | Marseille--Roma | Pamplona--Paris | Roma--Venezia | Wien--Zagrab,44.0,7.0,12.0,5.0,0.5833333333333334,104.0,42.0,0.5961538461538461,63.10683502968141,62.0,66.0,128.0,1.4090909090909092,2.909090909090909,2.909090909090909,60.6,55.0,0.9774193548387097,0.8870967741935484
33,Original baseline,"0,6,10,11,15,17,20,28,29,35,41,44","15,11,17,44,41,20",Amsterdam--Bruxelles | Amsterdam--Essen | Barcelona--Pamplona | Brest--Dieppe | Bruxelles--Paris | Cadiz--Madrid | Dieppe--Paris | Essen--Khobenhaven | Khobenhaven--Stockholm | Madrid--Pamplona | Pamplona--Paris | Paris--Zurich | Petrograd--Stockholm | Venezia--Zagrab | Venezia--Zurich,42.0,6.0,12.0,6.0,0.5,123.0,51.0,0.5853658536585366,72.0,72.0,64.0,136.0,1.7142857142857142,3.238095238095238,3.238095238095238,63.0,27.0,0.875,0.375
33,Learned revised,"0,6,10,11,15,17,20,28,29,35,41,44","35,15,11,17,20,41,6",Athina--Sarajevo | Barcelona--Pamplona | Brest--Dieppe | Bruxelles--Paris | Dieppe--Paris | Madrid--Pamplona | Pamplona--Paris | Paris--Zurich | Petrograd--Wilno | Sarajevo--Zagrab | Smolensk--Wilno | Venezia--Zagrab | Venezia--Zurich | Warzawa--Wien | Warzawa--Wilno | Wien--Zagrab,44.0,7.0,12.0,5.0,0.5833333333333334,123.0,55.0,0.5528455284552846,68.45338969465547,68.0,61.0,129.0,1.5454545454545454,2.9318181818181817,2.9318181818181817,63.2,44.0,0.9294117647058824,0.6470588235294118
34,Original baseline,"4,5,9,11,14,16,28,29,33,36,37,44","14,4,29,28,33,16,9",Athina--Palermo | Athina--Smyrna | Berlin--Frankfurt | Berlin--Wien | Bucuresti--Kyiv | Bucuresti--Sevastopol | Bucuresti--Sofia | Budapest--Sarajevo | Budapest--Wien | Constantinople--Smyrna | Kyiv--Smolensk | Kyiv--Wilno | Riga--Wilno | Sarajevo--Sofia | Sevastopol--Sochi,43.0,7.0,12.0,5.0,0.5833333333333334,111.0,51.0,0.5405405405405406,60.0,60.0,65.0,125.0,1.3953488372093024,2.9069767441860463,2.9069767441860463,55.8,47.0,0.9299999999999999,0.7833333333333333
34,Learned revised,"4,5,9,11,14,16,28,29,33,36,37,44","14,16,33,4,28,29,9",Athina--Palermo | Athina--Smyrna | Berlin--Danzic | Berlin--Frankfurt | Berlin--Wien | Bucuresti--Budapest | Bucuresti--Kyiv | Bucuresti--Sevastopol | Bucuresti--Sofia | Budapest--Wien | Constantinople--Smyrna | Danzic--Riga | Kyiv--Smolensk | Sarajevo--Sofia | Sevastopol--Sochi,44.0,7.0,12.0,5.0,0.5833333333333334,111.0,51.0,0.5405405405405406,59.54032896097231,60.0,67.0,127.0,1.3636363636363635,2.8863636363636362,2.8863636363636362,55.8,47.0,0.9299999999999999,0.7833333333333333
35,Original baseline,"1,4,6,11,21,23,24,25,26,29,30,41","23,25,41,1,4,24,21",Amsterdam--Frankfurt | Berlin--Danzic | Berlin--Essen | Berlin--Wien | Brest--Paris | Bucuresti--Budapest | Budapest--Wien | Danzic--Riga | Dieppe--London | Dieppe--Paris | Edinburgh--London | Essen--Frankfurt | Frankfurt--Paris | Marseille--Paris | Pamplona--Paris | Petrograd--Riga,45.0,7.0,12.0,5.0,0.5833333333333334,109.0,40.0,0.6330275229357798,69.0,69.0,65.0,134.0,1.5333333333333334,2.977777777777778,2.977777777777778,66.2,62.0,0.9594202898550726,0.8985507246376812
35,Learned revised,"1,4,6,11,21,23,24,25,26,29,30,41","21,11,25,23,41,1,4",Amsterdam--Bruxelles | Amsterdam--Essen | Amsterdam--London | Berlin--Danzic | Berlin--Essen | Berlin--Wien | Brest--Paris | Bruxelles--Paris | Bucuresti--Budapest | Budapest--Wien | Danzic--Riga | Madrid--Pamplona | Marseille--Zurich | Pamplona--Paris | Paris--Zurich | Petrograd--Riga,43.0,7.0,12.0,5.0,0.5833333333333334,109.0,39.0,0.6422018348623854,70.74866058647169,70.0,59.0,129.0,1.627906976744186,3.0,3.0,67.0,55.0,0.9571428571428572,0.7857142857142857
36,Original baseline,"3,7,9,12,14,20,21,30,34,37,41,43","14,30,3,9,7,41,21",Amsterdam--Bruxelles | Amsterdam--Frankfurt | Angora--Constantinople | Athina--Palermo | Athina--Smyrna | Berlin--Essen | Berlin--Warzawa | Brest--Dieppe | Brest--Pamplona | Bruxelles--Dieppe | Constantinople--Smyrna | Essen--Frankfurt | Kyiv--Smolensk | Kyiv--Warzawa | Kyiv--Wilno | Petrograd--Wilno,44.0,7.0,12.0,5.0,0.5833333333333334,122.0,47.0,0.6147540983606558,75.0,75.0,66.0,141.0,1.7045454545454546,3.2045454545454546,3.2045454545454546,66.0,43.0,0.88,0.5733333333333334
36,Learned revised,"3,7,9,12,14,20,21,30,34,37,41,43","21,14,30,34,3,9,7",Amsterdam--Bruxelles | Amsterdam--Frankfurt | Angora--Constantinople | Athina--Palermo | Athina--Smyrna | Berlin--Essen | Berlin--Warzawa | Bruxelles--Paris | Constantinople--Smyrna | Erzurum--Sochi | Essen--Frankfurt | Kyiv--Smolensk | Kyiv--Warzawa | Kyiv--Wilno | Pamplona--Paris | Rostov--Sochi,43.0,7.0,12.0,5.0,0.5833333333333334,122.0,62.0,0.4918032786885246,59.95145755680615,60.0,63.0,123.0,1.3953488372093024,2.86046511627907,2.86046511627907,53.6,47.0,0.8933333333333333,0.7833333333333333
37,Original baseline,"1,2,5,7,10,26,28,29,31,35,40,44","35,7,1,40,10,31",Amsterdam--Frankfurt | Amsterdam--London | Athina--Palermo | Athina--Smyrna | Athina--Sofia | Berlin--Frankfurt | Berlin--Warzawa | Berlin--Wien | Frankfurt--Munchen | Moskva--Smolensk | Munchen--Venezia | Palermo--Roma | Roma--Venezia | Smolensk--Wilno | Warzawa--Wilno,43.0,6.0,12.0,6.0,0.5,126.0,65.0,0.48412698412698413,61.0,61.0,63.0,124.0,1.4186046511627908,2.883720930232558,2.883720930232558,41.6,19.0,0.6819672131147542,0.3114754098360656
37,Learned revised,"1,2,5,7,10,26,28,29,31,35,40,44","35,7,1,40,10,31",Amsterdam--Frankfurt | Amsterdam--London | Athina--Palermo | Athina--Smyrna | Athina--Sofia | Berlin--Frankfurt | Berlin--Warzawa | Berlin--Wien | Frankfurt--Munchen | Moskva--Smolensk | Munchen--Venezia | Palermo--Roma | Roma--Venezia | Smolensk--Wilno | Warzawa--Wilno,43.0,6.0,12.0,6.0,0.5,126.0,65.0,0.48412698412698413,59.52835813986885,61.0,63.0,124.0,1.4186046511627908,2.883720930232558,2.883720930232558,41.6,19.0,0.6819672131147542,0.3114754098360656
38,Original baseline,"2,10,17,18,19,21,23,24,32,33,36,39","23,17,21,24,32,18,19,36",Amsterdam--Bruxelles | Amsterdam--London | Barcelona--Marseille | Barcelona--Pamplona | Berlin--Danzic | Berlin--Essen | Brest--Paris | Brindisi--Roma | Bruxelles--Frankfurt | Bruxelles--Paris | Edinburgh--London | Essen--Frankfurt | Essen--Khobenhaven | Marseille--Paris | Marseille--Roma | Marseille--Zurich,42.0,8.0,12.0,4.0,0.6666666666666666,87.0,29.0,0.6666666666666666,58.0,58.0,57.0,115.0,1.380952380952381,2.738095238095238,2.738095238095238,58.0,58.0,1.0,1.0
38,Learned revised,"2,10,17,18,19,21,23,24,32,33,36,39","23,17,21,24,33,18,19,36",Amsterdam--Bruxelles | Amsterdam--London | Barcelona--Marseille | Barcelona--Pamplona | Berlin--Danzic | Berlin--Frankfurt | Brest--Paris | Brindisi--Roma | Bruxelles--Frankfurt | Bruxelles--Paris | Budapest--Sarajevo | Edinburgh--London | Marseille--Paris | Marseille--Roma | Marseille--Zurich | Sarajevo--Sofia,43.0,8.0,12.0,4.0,0.6666666666666666,87.0,29.0,0.6666666666666666,59.12132094951001,58.0,59.0,117.0,1.3488372093023255,2.7209302325581395,2.7209302325581395,54.4,40.0,0.9379310344827586,0.6896551724137931
39,Original baseline,"1,9,10,11,12,18,23,24,29,31,34,41","23,24,1,12,41,9,18",Berlin--Frankfurt | Brest--Paris | Dieppe--London | Dieppe--Paris | Edinburgh--London | Frankfurt--Munchen | Marseille--Paris | Marseille--Roma | Marseille--Zurich | Munchen--Wien | Munchen--Zurich | Petrograd--Wilno | Smolensk--Wilno | Warzawa--Wien | Warzawa--Wilno,44.0,7.0,12.0,5.0,0.5833333333333334,108.0,34.0,0.6851851851851852,74.0,74.0,64.0,138.0,1.6818181818181819,3.1363636363636362,3.1363636363636362,67.8,52.0,0.9162162162162162,0.7027027027027027
39,Learned revised,"1,9,10,11,12,18,23,24,29,31,34,41","23,24,1,12,41,9,18",Berlin--Frankfurt | Brest--Paris | Dieppe--London | Dieppe--Paris | Edinburgh--London | Frankfurt--Munchen | Marseille--Paris | Marseille--Roma | Marseille--Zurich | Munchen--Wien | Munchen--Zurich | Petrograd--Wilno | Smolensk--Wilno | Warzawa--Wien | Warzawa--Wilno,44.0,7.0,12.0,5.0,0.5833333333333334,108.0,34.0,0.6851851851851852,74.74907940029374,74.0,64.0,138.0,1.6818181818181819,3.1363636363636362,3.1363636363636362,67.8,52.0,0.9162162162162162,0.7027027027027027
40,Original baseline,"13,14,19,20,22,24,31,32,36,38,39,41","14,31,38,24,22,41,19",Athina--Palermo | Athina--Smyrna | Athina--Sofia | Berlin--Frankfurt | Berlin--Warzawa | Brest--Dieppe | Bruxelles--Frankfurt | Constantinople--Smyrna | Danzic--Warzawa | Dieppe--London | Dieppe--Paris | Edinburgh--London | Frankfurt--Paris | Kyiv--Wilno | Petrograd--Wilno | Warzawa--Wilno,45.0,7.0,12.0,5.0,0.5833333333333334,94.0,32.0,0.6595744680851063,62.0,62.0,67.0,129.0,1.3777777777777778,2.8666666666666667,2.8666666666666667,52.2,26.0,0.8419354838709678,0.41935483870967744
40,Learned revised,"13,14,19,20,22,24,31,32,36,38,39,41","38,14,31,24,22,41,19",Athina--Palermo | Athina--Smyrna | Athina--Sofia | Berlin--Frankfurt | Berlin--Warzawa | Brest--Dieppe | Bruxelles--Frankfurt | Constantinople--Smyrna | Danzic--Warzawa | Dieppe--London | Dieppe--Paris | Edinburgh--London | Frankfurt--Paris | Kyiv--Wilno | Petrograd--Wilno | Warzawa--Wilno,45.0,7.0,12.0,5.0,0.5833333333333334,94.0,32.0,0.6595744680851063,61.88870908483949,62.0,67.0,129.0,1.3777777777777778,2.8666666666666667,2.8666666666666667,52.2,26.0,0.8419354838709678,0.41935483870967744
41,Original baseline,"10,11,13,17,18,23,24,27,29,30,33,36","23,13,11,17,27,36,18,10,30,33",Angora--Smyrna | Athina--Brindisi | Athina--Smyrna | Barcelona--Madrid | Barcelona--Marseille | Berlin--Frankfurt | Brest--Paris | Brindisi--Roma | Bruxelles--Paris | Budapest--Sarajevo | Frankfurt--Munchen | Marseille--Paris | Marseille--Zurich | Munchen--Zurich | Roma--Venezia | Sarajevo--Sofia | Venezia--Zurich,44.0,10.0,12.0,2.0,0.8333333333333334,87.0,15.0,0.8275862068965517,72.0,72.0,57.0,129.0,1.6363636363636365,2.9318181818181817,2.9318181818181817,65.8,59.0,0.9138888888888889,0.8194444444444444
41,Learned revised,"10,11,13,17,18,23,24,27,29,30,33,36","23,13,17,11,27,36,18,10,30,33",Angora--Smyrna | Athina--Brindisi | Athina--Smyrna | Barcelona--Madrid | Barcelona--Marseille | Berlin--Frankfurt | Brest--Paris | Brindisi--Roma | Bruxelles--Paris | Budapest--Sarajevo | Frankfurt--Munchen | Marseille--Paris | Marseille--Zurich | Munchen--Zurich | Roma--Venezia | Sarajevo--Sofia | Venezia--Zurich,44.0,10.0,12.0,2.0,0.8333333333333334,87.0,15.0,0.8275862068965517,71.00338868893195,72.0,57.0,129.0,1.6363636363636365,2.9318181818181817,2.9318181818181817,65.8,59.0,0.9138888888888889,0.8194444444444444
42,Original baseline,"5,10,12,17,26,28,32,34,35,38,43,45","38,35,26,45,34,32,5,12",Berlin--Essen | Berlin--Warzawa | Berlin--Wien | Erzurum--Sochi | Essen--Frankfurt | Essen--Khobenhaven | Frankfurt--Paris | Kharkov--Kyiv | Kharkov--Rostov | Khobenhaven--Stockholm | Kyiv--Wilno | Petrograd--Wilno | Rostov--Sochi | Smolensk--Wilno | Warzawa--Wilno,43.0,8.0,12.0,4.0,0.6666666666666666,114.0,45.0,0.6052631578947368,69.0,69.0,59.0,128.0,1.6046511627906976,2.9767441860465116,2.9767441860465116,69.0,69.0,1.0,1.0
42,Learned revised,"5,10,12,17,26,28,32,34,35,38,43,45","38,34,45,26,35,5,28",Budapest--Sarajevo | Budapest--Wien | Erzurum--Sochi | Kharkov--Kyiv | Kharkov--Rostov | Khobenhaven--Stockholm | Kyiv--Smolensk | Kyiv--Wilno | Petrograd--Stockholm | Petrograd--Wilno | Rostov--Sochi | Sevastopol--Sochi | Warzawa--Wien | Warzawa--Wilno,44.0,7.0,12.0,5.0,0.5833333333333334,114.0,50.0,0.5614035087719298,63.8054678678492,64.0,71.0,135.0,1.4545454545454546,3.0681818181818183,3.0681818181818183,64.0,64.0,1.0,1.0
43,Original baseline,"0,3,7,11,14,23,27,34,40,42,44,45","14,0,40,3,45",Angora--Constantinople | Angora--Erzurum | Athina--Palermo | Athina--Smyrna | Bucuresti--Constantinople | Bucuresti--Kyiv | Constantinople--Smyrna | Essen--Frankfurt | Essen--Khobenhaven | Frankfurt--Munchen | Kyiv--Smolensk | Moskva--Smolensk | Munchen--Venezia | Palermo--Roma | Roma--Venezia,42.0,5.0,12.0,7.0,0.4166666666666667,150.0,81.0,0.46,69.0,69.0,61.0,130.0,1.6428571428571428,3.0952380952380953,3.0952380952380953,49.0,0.0,0.7101449275362319,0.0
43,Learned revised,"0,3,7,11,14,23,27,34,40,42,44,45","23,14,0,40,3,7",Amsterdam--Frankfurt | Athina--Palermo | Athina--Smyrna | Brest--Paris | Bucuresti--Constantinople | Bucuresti--Kyiv | Constantinople--Smyrna | Essen--Frankfurt | Frankfurt--Munchen | Kyiv--Smolensk | Kyiv--Wilno | Marseille--Paris | Moskva--Smolensk | Munchen--Venezia | Palermo--Roma | Roma--Venezia,45.0,6.0,12.0,6.0,0.5,150.0,83.0,0.44666666666666666,66.80929685947591,67.0,66.0,133.0,1.488888888888889,2.9555555555555557,2.9555555555555557,48.2,7.0,0.7194029850746269,0.1044776119402985
44,Original baseline,"1,4,8,10,11,16,18,22,23,25,27,39","23,25,18,22,1,16,39,4,8",Berlin--Danzic | Berlin--Essen | Berlin--Wien | Brest--Paris | Bucuresti--Budapest | Budapest--Wien | Danzic--Riga | Dieppe--London | Dieppe--Paris | Essen--Frankfurt | Frankfurt--Paris | Marseille--Paris | Marseille--Roma | Marseille--Zurich | Moskva--Petrograd | Petrograd--Riga,45.0,9.0,12.0,3.0,0.75,101.0,24.0,0.7623762376237624,77.0,77.0,65.0,142.0,1.711111111111111,3.1555555555555554,3.1555555555555554,77.0,77.0,1.0,1.0
44,Learned revised,"1,4,8,10,11,16,18,22,23,25,27,39","23,25,18,22,1,16,39,4,8",Berlin--Danzic | Berlin--Essen | Berlin--Wien | Brest--Paris | Bucuresti--Budapest | Budapest--Wien | Danzic--Riga | Dieppe--London | Dieppe--Paris | Essen--Frankfurt | Frankfurt--Paris | Marseille--Paris | Marseille--Roma | Marseille--Zurich | Moskva--Petrograd | Petrograd--Riga,45.0,9.0,12.0,3.0,0.75,101.0,24.0,0.7623762376237624,78.19477815853863,77.0,65.0,142.0,1.711111111111111,3.1555555555555554,3.1555555555555554,77.0,77.0,1.0,1.0
45,Original baseline,"1,5,14,15,20,26,28,33,36,39,42,43","14,15,42,1,20,39",Athina--Palermo | Athina--Smyrna | Berlin--Danzic | Berlin--Frankfurt | Berlin--Wien | Budapest--Wien | Constantinople--Smyrna | Dieppe--London | Dieppe--Paris | Frankfurt--Paris | Lisboa--Madrid | Madrid--Pamplona | Pamplona--Paris | Paris--Zurich | Wien--Zagrab,41.0,6.0,12.0,6.0,0.5,117.0,58.0,0.5042735042735043,59.0,59.0,60.0,119.0,1.4390243902439024,2.902439024390244,2.902439024390244,43.2,16.0,0.7322033898305085,0.2711864406779661
45,Learned revised,"1,5,14,15,20,26,28,33,36,39,42,43","14,33,28,15,42",Athina--Palermo | Athina--Smyrna | Berlin--Danzic | Berlin--Frankfurt | Bucuresti--Sevastopol | Bucuresti--Sofia | Budapest--Sarajevo | Constantinople--Smyrna | Dieppe--Paris | Frankfurt--Paris | Lisboa--Madrid | Madrid--Pamplona | Pamplona--Paris | Sarajevo--Sofia,41.0,5.0,12.0,7.0,0.4166666666666667,117.0,68.0,0.4188034188034188,48.33786290033717,49.0,62.0,111.0,1.1951219512195121,2.707317073170732,2.707317073170732,37.8,21.0,0.7714285714285714,0.42857142857142855
46,Original baseline,"1,8,10,15,16,20,25,29,34,40,42,43","15,42,1,43,20,16",Athina--Sarajevo | Berlin--Danzic | Berlin--Frankfurt | Berlin--Wien | Bucuresti--Budapest | Budapest--Sarajevo | Budapest--Wien | Dieppe--London | Dieppe--Paris | Edinburgh--London | Frankfurt--Paris | Lisboa--Madrid | Madrid--Pamplona | Pamplona--Paris | Wien--Zagrab,43.0,6.0,12.0,6.0,0.5,135.0,61.0,0.5481481481481482,74.0,74.0,62.0,136.0,1.7209302325581395,3.1627906976744184,3.1627906976744184,56.8,16.0,0.7675675675675675,0.21621621621621623
46,Learned revised,"1,8,10,15,16,20,25,29,34,40,42,43","16,8,40,29,10,20",Berlin--Wien | Bucuresti--Budapest | Bucuresti--Constantinople | Bucuresti--Kyiv | Bucuresti--Sevastopol | Budapest--Wien | Budapest--Zagrab | Constantinople--Smyrna | Kyiv--Smolensk | Moskva--Smolensk | Palermo--Roma | Paris--Zurich | Roma--Venezia | Sevastopol--Sochi | Venezia--Zagrab | Venezia--Zurich,43.0,6.0,12.0,6.0,0.5,135.0,72.0,0.4666666666666667,62.4528632513913,63.0,59.0,122.0,1.4651162790697674,2.8372093023255816,2.8372093023255816,63.0,63.0,1.0,1.0
47,Original baseline,"0,4,8,10,15,21,24,29,31,32,40,43","4,40,8,43,31",Amsterdam--Frankfurt | Amsterdam--London | Athina--Palermo | Athina--Smyrna | Athina--Sofia | Berlin--Danzic | Berlin--Frankfurt | Bucuresti--Kyiv | Bucuresti--Sofia | Danzic--Riga | Edinburgh--London | Kyiv--Smolensk | Kyiv--Wilno | Moskva--Smolensk | Riga--Wilno,45.0,5.0,12.0,7.0,0.4166666666666667,121.0,53.0,0.5619834710743802,68.0,68.0,68.0,136.0,1.511111111111111,3.022222222222222,3.022222222222222,58.6,47.0,0.861764705882353,0.6911764705882353
47,Learned revised,"0,4,8,10,15,21,24,29,31,32,40,43","21,15,24,43,10,0,31,32",Amsterdam--Bruxelles | Amsterdam--London | Athina--Brindisi | Athina--Smyrna | Athina--Sofia | Brindisi--Roma | Bruxelles--Paris | Constantinople--Smyrna | Dieppe--Paris | Edinburgh--London | Essen--Frankfurt | Essen--Khobenhaven | Madrid--Pamplona | Pamplona--Paris | Paris--Zurich | Roma--Venezia | Venezia--Zurich,42.0,8.0,12.0,4.0,0.6666666666666666,121.0,50.0,0.5867768595041323,69.52188148058585,71.0,55.0,126.0,1.6904761904761905,3.0,3.0,63.4,48.0,0.8929577464788733,0.676056338028169
48,Original baseline,"0,1,5,7,11,15,19,21,31,34,35,38","38,15,11,21,1,7,5,19",Amsterdam--Bruxelles | Amsterdam--London | Bruxelles--Paris | Danzic--Warzawa | Dieppe--Paris | Kyiv--Wilno | Madrid--Pamplona | Munchen--Wien | Munchen--Zurich | Pamplona--Paris | Paris--Zurich | Petrograd--Stockholm | Petrograd--Wilno | Warzawa--Wien | Warzawa--Wilno,44.0,8.0,12.0,4.0,0.6666666666666666,96.0,26.0,0.7291666666666666,70.0,70.0,70.0,140.0,1.5909090909090908,3.1818181818181817,3.1818181818181817,65.4,47.0,0.9342857142857144,0.6714285714285714
48,Learned revised,"0,1,5,7,11,15,19,21,31,34,35,38","38,21,15,11,1,7,5,19",Amsterdam--Bruxelles | Amsterdam--London | Bruxelles--Paris | Danzic--Warzawa | Dieppe--Paris | Kyiv--Wilno | Madrid--Pamplona | Munchen--Wien | Munchen--Zurich | Pamplona--Paris | Paris--Zurich | Petrograd--Stockholm | Petrograd--Wilno | Warzawa--Wien | Warzawa--Wilno,44.0,8.0,12.0,4.0,0.6666666666666666,96.0,26.0,0.7291666666666666,70.72116638672271,70.0,70.0,140.0,1.5909090909090908,3.1818181818181817,3.1818181818181817,65.4,47.0,0.9342857142857144,0.6714285714285714
49,Original baseline,"5,9,11,12,15,23,24,26,28,38,42,43","23,15,11,42,12,43,24",Athina--Sarajevo | Barcelona--Madrid | Barcelona--Marseille | Berlin--Danzic | Berlin--Frankfurt | Berlin--Wien | Brest--Paris | Budapest--Sarajevo | Budapest--Wien | Dieppe--London | Dieppe--Paris | Edinburgh--London | Frankfurt--Paris | Lisboa--Madrid | Marseille--Paris | Marseille--Zurich,45.0,7.0,12.0,5.0,0.5833333333333334,124.0,45.0,0.6370967741935484,79.0,79.0,64.0,143.0,1.7555555555555555,3.1777777777777776,3.1777777777777776,69.2,30.0,0.8759493670886076,0.379746835443038
49,Learned revised,"5,9,11,12,15,23,24,26,28,38,42,43","38,23,15,11,12,42,24",Barcelona--Madrid | Barcelona--Marseille | Berlin--Danzic | Berlin--Wien | Brest--Paris | Dieppe--London | Dieppe--Paris | Edinburgh--London | Kyiv--Wilno | Lisboa--Madrid | Marseille--Paris | Marseille--Zurich | Munchen--Wien | Munchen--Zurich | Petrograd--Wilno,42.0,7.0,12.0,5.0,0.5833333333333334,124.0,60.0,0.5161290322580645,64.37213937417286,64.0,59.0,123.0,1.5238095238095237,2.9285714285714284,2.9285714285714284,64.0,64.0,1.0,1.0
50,Original baseline,"4,5,18,20,25,28,32,33,36,39,40,41","4,40,33,28,18",Athina--Palermo | Athina--Sofia | Berlin--Wien | Bucuresti--Budapest | Bucuresti--Kyiv | Bucuresti--Sevastopol | Bucuresti--Sofia | Budapest--Wien | Kyiv--Smolensk | Kyiv--Wilno | Moskva--Smolensk | Palermo--Roma | Riga--Wilno | Sarajevo--Sofia,44.0,5.0,12.0,7.0,0.4166666666666667,114.0,62.0,0.45614035087719296,52.0,52.0,71.0,123.0,1.1818181818181819,2.7954545454545454,2.7954545454545454,52.0,52.0,1.0,1.0
50,Learned revised,"4,5,18,20,25,28,32,33,36,39,40,41","33,40,28,4,18",Athina--Palermo | Athina--Sofia | Berlin--Wien | Bucuresti--Sevastopol | Bucuresti--Sofia | Budapest--Kyiv | Budapest--Sarajevo | Budapest--Wien | Kyiv--Smolensk | Kyiv--Wilno | Moskva--Smolensk | Palermo--Roma | Riga--Wilno | Sarajevo--Sofia,45.0,5.0,12.0,7.0,0.4166666666666667,114.0,62.0,0.45614035087719296,51.732210962228976,52.0,76.0,128.0,1.1555555555555554,2.8444444444444446,2.8444444444444446,52.0,52.0,1.0,1.0
51,Original baseline,"12,18,19,20,21,24,27,39,40,41,42,43","21,24,43,20,12,39,18,42,19",Amsterdam--Bruxelles | Amsterdam--London | Athina--Brindisi | Berlin--Danzic | Berlin--Wien | Brindisi--Roma | Bruxelles--Paris | Budapest--Wien | Edinburgh--London | Lisboa--Madrid | Madrid--Pamplona | Pamplona--Paris | Paris--Zurich | Roma--Venezia | Venezia--Zagrab | Venezia--Zurich | Wien--Zagrab,43.0,9.0,12.0,3.0,0.75,142.0,48.0,0.6619718309859155,94.0,94.0,57.0,151.0,2.186046511627907,3.511627906976744,3.511627906976744,88.6,67.0,0.9425531914893617,0.7127659574468085
51,Learned revised,"12,18,19,20,21,24,27,39,40,41,42,43","21,24,43,20,12,39,18,42,19",Amsterdam--Bruxelles | Amsterdam--London | Athina--Brindisi | Berlin--Danzic | Berlin--Wien | Brindisi--Roma | Bruxelles--Paris | Budapest--Wien | Edinburgh--London | Lisboa--Madrid | Madrid--Pamplona | Pamplona--Paris | Paris--Zurich | Roma--Venezia | Venezia--Zagrab | Venezia--Zurich | Wien--Zagrab,43.0,9.0,12.0,3.0,0.75,142.0,48.0,0.6619718309859155,95.8751346109707,94.0,57.0,151.0,2.186046511627907,3.511627906976744,3.511627906976744,88.6,67.0,0.9425531914893617,0.7127659574468085
52,Original baseline,"1,7,9,11,15,19,24,25,27,29,39,43","15,11,27,1,39,43,24,9",Athina--Sarajevo | Barcelona--Pamplona | Budapest--Kyiv | Budapest--Sarajevo | Budapest--Wien | Dieppe--London | Dieppe--Paris | Edinburgh--London | Frankfurt--Munchen | Kyiv--Smolensk | Madrid--Pamplona | Munchen--Wien | Munchen--Zurich | Pamplona--Paris | Paris--Zurich,43.0,8.0,12.0,4.0,0.6666666666666666,118.0,37.0,0.6864406779661016,81.0,81.0,66.0,147.0,1.8837209302325582,3.4186046511627906,3.4186046511627906,73.6,57.0,0.9086419753086419,0.7037037037037037
52,Learned revised,"1,7,9,11,15,19,24,25,27,29,39,43","15,11,27,1,39,43,24,9",Athina--Sarajevo | Barcelona--Pamplona | Budapest--Kyiv | Budapest--Sarajevo | Budapest--Wien | Dieppe--London | Dieppe--Paris | Edinburgh--London | Frankfurt--Munchen | Kyiv--Smolensk | Madrid--Pamplona | Munchen--Wien | Munchen--Zurich | Pamplona--Paris | Paris--Zurich,43.0,8.0,12.0,4.0,0.6666666666666666,118.0,37.0,0.6864406779661016,81.13871463457764,81.0,66.0,147.0,1.8837209302325582,3.4186046511627906,3.4186046511627906,73.6,57.0,0.9086419753086419,0.7037037037037037
53,Original baseline,"0,3,12,13,16,17,22,24,32,34,36,40","3,16,40,22,12,24",Amsterdam--Bruxelles | Amsterdam--Essen | Amsterdam--London | Athina--Palermo | Athina--Sofia | Berlin--Essen | Berlin--Warzawa | Berlin--Wien | Bruxelles--Paris | Bucuresti--Kyiv | Bucuresti--Sofia | Edinburgh--London | Kyiv--Smolensk | Kyiv--Warzawa | Moskva--Smolensk,45.0,6.0,12.0,6.0,0.5,102.0,42.0,0.5882352941176471,60.0,60.0,70.0,130.0,1.3333333333333333,2.888888888888889,2.888888888888889,60.0,60.0,1.0,1.0
53,Learned revised,"0,3,12,13,16,17,22,24,32,34,36,40","34,16,3,12,22,24,32,0,13",Berlin--Essen | Berlin--Wien | Brest--Dieppe | Bucuresti--Budapest | Bucuresti--Constantinople | Bucuresti--Kyiv | Budapest--Wien | Budapest--Zagrab | Dieppe--London | Dieppe--Paris | Edinburgh--London | Erzurum--Sochi | Essen--Frankfurt | Essen--Khobenhaven | Frankfurt--Paris | Rostov--Sochi | Venezia--Zagrab,43.0,9.0,12.0,3.0,0.75,102.0,34.0,0.6666666666666666,67.87568814422599,68.0,57.0,125.0,1.5813953488372092,2.9069767441860463,2.9069767441860463,68.0,68.0,1.0,1.0
54,Original baseline,"4,8,9,16,17,18,22,27,31,33,35,43","4,16,8,9,35,43,22,31,33",Amsterdam--Frankfurt | Amsterdam--London | Athina--Smyrna | Athina--Sofia | Berlin--Danzic | Berlin--Frankfurt | Bucuresti--Budapest | Bucuresti--Kyiv | Bucuresti--Sofia | Danzic--Riga | Danzic--Warzawa | Edinburgh--London | Kyiv--Wilno | Moskva--Smolensk | Riga--Wilno | Smolensk--Wilno,45.0,9.0,12.0,3.0,0.75,112.0,25.0,0.7767857142857143,87.0,87.0,62.0,149.0,1.9333333333333333,3.311111111111111,3.311111111111111,72.2,46.0,0.8298850574712644,0.5287356321839081
54,Learned revised,"4,8,9,16,17,18,22,27,31,33,35,43","16,33,4,8,9,35,43,22,31",Amsterdam--Frankfurt | Amsterdam--London | Athina--Smyrna | Athina--Sofia | Berlin--Danzic | Berlin--Frankfurt | Berlin--Wien | Bucuresti--Budapest | Bucuresti--Sofia | Budapest--Wien | Danzic--Riga | Danzic--Warzawa | Edinburgh--London | Moskva--Petrograd | Moskva--Smolensk | Petrograd--Riga,44.0,9.0,12.0,3.0,0.75,112.0,25.0,0.7767857142857143,86.70173279362683,87.0,61.0,148.0,1.9772727272727273,3.3636363636363638,3.3636363636363638,72.2,46.0,0.8298850574712644,0.5287356321839081
55,Original baseline,"1,13,14,17,25,26,29,34,39,41,43,45","14,34,29,26,45,1",Amsterdam--Essen | Amsterdam--London | Athina--Palermo | Athina--Smyrna | Berlin--Essen | Berlin--Warzawa | Berlin--Wien | Constantinople--Smyrna | Erzurum--Sochi | Essen--Khobenhaven | Kharkov--Kyiv | Kharkov--Rostov | Kyiv--Smolensk | Kyiv--Warzawa | Rostov--Sochi,45.0,6.0,12.0,6.0,0.5,131.0,71.0,0.4580152671755725,60.0,60.0,68.0,128.0,1.3333333333333333,2.8444444444444446,2.8444444444444446,58.4,52.0,0.9733333333333333,0.8666666666666667
55,Learned revised,"1,13,14,17,25,26,29,34,39,41,43,45","14,34,29,26,45,1",Amsterdam--Essen | Amsterdam--London | Athina--Palermo | Athina--Smyrna | Berlin--Essen | Berlin--Warzawa | Berlin--Wien | Constantinople--Smyrna | Erzurum--Sochi | Essen--Khobenhaven | Kharkov--Kyiv | Kharkov--Rostov | Kyiv--Smolensk | Kyiv--Warzawa | Rostov--Sochi,45.0,6.0,12.0,6.0,0.5,131.0,71.0,0.4580152671755725,60.05460385513341,60.0,68.0,128.0,1.3333333333333333,2.8444444444444446,2.8444444444444446,58.4,52.0,0.9733333333333333,0.8666666666666667
56,Original baseline,"1,12,18,19,22,24,28,29,30,35,38,41","38,24,22,41,1,12,35,19,18",Berlin--Frankfurt | Berlin--Warzawa | Berlin--Wien | Brest--Dieppe | Bruxelles--Frankfurt | Danzic--Warzawa | Dieppe--London | Dieppe--Paris | Edinburgh--London | Frankfurt--Munchen | Frankfurt--Paris | Kyiv--Wilno | Munchen--Venezia | Petrograd--Wilno | Roma--Venezia | Smolensk--Wilno | Warzawa--Wilno,44.0,9.0,12.0,3.0,0.75,103.0,21.0,0.7961165048543689,82.0,82.0,58.0,140.0,1.8636363636363635,3.1818181818181817,3.1818181818181817,67.6,19.0,0.824390243902439,0.23170731707317074
56,Learned revised,"1,12,18,19,22,24,28,29,30,35,38,41","38,24,22,41,1,12,35,19,18",Berlin--Frankfurt | Berlin--Warzawa | Berlin--Wien | Brest--Dieppe | Bruxelles--Frankfurt | Danzic--Warzawa | Dieppe--London | Dieppe--Paris | Edinburgh--London | Frankfurt--Munchen | Frankfurt--Paris | Kyiv--Wilno | Munchen--Venezia | Petrograd--Wilno | Roma--Venezia | Smolensk--Wilno | Warzawa--Wilno,44.0,9.0,12.0,3.0,0.75,103.0,21.0,0.7961165048543689,83.25860681524337,82.0,58.0,140.0,1.8636363636363635,3.1818181818181817,3.1818181818181817,67.6,19.0,0.824390243902439,0.23170731707317074
57,Original baseline,"1,4,14,16,18,21,23,31,34,37,41,45","14,31,23,4,41",Athina--Palermo | Athina--Smyrna | Athina--Sofia | Brest--Paris | Bucuresti--Kyiv | Bucuresti--Sofia | Constantinople--Smyrna | Kyiv--Wilno | Marseille--Paris | Marseille--Roma | Palermo--Roma | Petrograd--Wilno | Riga--Wilno,44.0,5.0,12.0,7.0,0.4166666666666667,116.0,66.0,0.43103448275862066,50.0,50.0,73.0,123.0,1.1363636363636365,2.7954545454545454,2.7954545454545454,47.4,37.0,0.948,0.74
57,Learned revised,"1,4,14,16,18,21,23,31,34,37,41,45","21,23,14,31,34,4",Amsterdam--Bruxelles | Athina--Palermo | Athina--Smyrna | Athina--Sofia | Brest--Paris | Bruxelles--Paris | Bucuresti--Kyiv | Constantinople--Smyrna | Erzurum--Sochi | Kyiv--Wilno | Marseille--Paris | Pamplona--Paris | Riga--Wilno | Rostov--Sochi,42.0,6.0,12.0,6.0,0.5,116.0,74.0,0.3620689655172414,41.7395330610057,42.0,66.0,108.0,1.0,2.5714285714285716,2.5714285714285716,38.0,29.0,0.9047619047619048,0.6904761904761905
58,Original baseline,"1,8,9,13,25,26,30,31,33,35,38,41","38,8,41,9,35,13,1,26",Berlin--Frankfurt | Berlin--Warzawa | Berlin--Wien | Brest--Paris | Dieppe--London | Dieppe--Paris | Frankfurt--Munchen | Frankfurt--Paris | Kharkov--Moskva | Kharkov--Rostov | Kyiv--Wilno | Moskva--Petrograd | Moskva--Smolensk | Munchen--Venezia | Petrograd--Wilno | Warzawa--Wilno,44.0,8.0,12.0,4.0,0.6666666666666666,106.0,23.0,0.7830188679245284,83.0,83.0,61.0,144.0,1.8863636363636365,3.272727272727273,3.272727272727273,72.8,40.0,0.8771084337349397,0.4819277108433735
58,Learned revised,"1,8,9,13,25,26,30,31,33,35,38,41","38,8,41,9,35,13,1,26",Berlin--Frankfurt | Berlin--Warzawa | Berlin--Wien | Brest--Paris | Dieppe--London | Dieppe--Paris | Frankfurt--Munchen | Frankfurt--Paris | Kharkov--Moskva | Kharkov--Rostov | Kyiv--Wilno | Moskva--Petrograd | Moskva--Smolensk | Munchen--Venezia | Petrograd--Wilno | Warzawa--Wilno,44.0,8.0,12.0,4.0,0.6666666666666666,106.0,23.0,0.7830188679245284,83.49395364327674,83.0,61.0,144.0,1.8863636363636365,3.272727272727273,3.272727272727273,72.8,40.0,0.8771084337349397,0.4819277108433735
59,Original baseline,"0,7,12,16,19,20,21,28,31,36,37,45","16,45,28,12,20,0,19,37",Berlin--Danzic | Berlin--Essen | Berlin--Wien | Brindisi--Roma | Bruxelles--Frankfurt | Bucuresti--Budapest | Bucuresti--Constantinople | Bucuresti--Sevastopol | Budapest--Sarajevo | Budapest--Wien | Erzurum--Sevastopol | Essen--Frankfurt | Essen--Khobenhaven | Frankfurt--Paris | Roma--Venezia | Venezia--Zagrab | Wien--Zagrab,45.0,8.0,12.0,4.0,0.6666666666666666,107.0,30.0,0.719626168224299,77.0,77.0,60.0,137.0,1.711111111111111,3.0444444444444443,3.0444444444444443,77.0,77.0,1.0,1.0
59,Learned revised,"0,7,12,16,19,20,21,28,31,36,37,45","21,31,16,45,12,19,20,28",Amsterdam--Bruxelles | Amsterdam--Essen | Athina--Smyrna | Athina--Sofia | Berlin--Danzic | Berlin--Essen | Berlin--Wien | Bruxelles--Paris | Bucuresti--Budapest | Bucuresti--Sevastopol | Budapest--Sarajevo | Budapest--Wien | Erzurum--Sevastopol | Essen--Khobenhaven | Pamplona--Paris | Wien--Zagrab,44.0,8.0,12.0,4.0,0.6666666666666666,107.0,34.0,0.6822429906542056,73.55627623206253,73.0,62.0,135.0,1.6590909090909092,3.0681818181818183,3.0681818181818183,70.6,66.0,0.9671232876712328,0.9041095890410958
60,Original baseline,"3,6,8,10,13,14,17,21,25,30,31,42","14,10,30,31,6,21,17,25",Amsterdam--Bruxelles | Amsterdam--Essen | Angora--Constantinople | Athina--Palermo | Athina--Smyrna | Athina--Sofia | Barcelona--Pamplona | Bruxelles--Paris | Bucuresti--Kyiv | Bucuresti--Sofia | Constantinople--Smyrna | Kyiv--Wilno | Marseille--Paris | Palermo--Roma | Pamplona--Paris,43.0,8.0,12.0,4.0,0.6666666666666666,110.0,50.0,0.5454545454545454,60.0,60.0,66.0,126.0,1.3953488372093024,2.9302325581395348,2.9302325581395348,51.8,34.0,0.8633333333333333,0.5666666666666667
60,Learned revised,"3,6,8,10,13,14,17,21,25,30,31,42","14,10,30,31,6,21,17,25",Amsterdam--Bruxelles | Amsterdam--Essen | Angora--Constantinople | Athina--Palermo | Athina--Smyrna | Athina--Sofia | Barcelona--Pamplona | Bruxelles--Paris | Bucuresti--Kyiv | Bucuresti--Sofia | Constantinople--Smyrna | Kyiv--Wilno | Marseille--Paris | Palermo--Roma | Pamplona--Paris,43.0,8.0,12.0,4.0,0.6666666666666666,110.0,50.0,0.5454545454545454,58.96719146616934,60.0,66.0,126.0,1.3953488372093024,2.9302325581395348,2.9302325581395348,51.8,34.0,0.8633333333333333,0.5666666666666667
61,Original baseline,"3,4,6,8,12,13,18,24,30,32,38,42","38,4,6,8,3,18,24",Athina--Brindisi | Athina--Sofia | Berlin--Danzic | Berlin--Essen | Brindisi--Roma | Bucuresti--Kyiv | Bucuresti--Sofia | Danzic--Riga | Dieppe--London | Dieppe--Paris | Edinburgh--London | Kyiv--Wilno | Moskva--Petrograd | Petrograd--Wilno | Riga--Wilno,44.0,7.0,12.0,5.0,0.5833333333333334,111.0,46.0,0.5855855855855856,65.0,65.0,65.0,130.0,1.4772727272727273,2.9545454545454546,2.9545454545454546,65.0,65.0,1.0,1.0
61,Learned revised,"3,4,6,8,12,13,18,24,30,32,38,42","38,4,6,8,3,18,24",Athina--Brindisi | Athina--Sofia | Berlin--Danzic | Berlin--Essen | Brindisi--Roma | Bucuresti--Kyiv | Bucuresti--Sofia | Danzic--Riga | Dieppe--London | Dieppe--Paris | Edinburgh--London | Kyiv--Wilno | Moskva--Petrograd | Petrograd--Wilno | Riga--Wilno,44.0,7.0,12.0,5.0,0.5833333333333334,111.0,46.0,0.5855855855855856,66.47355782635346,65.0,65.0,130.0,1.4772727272727273,2.9545454545454546,2.9545454545454546,65.0,65.0,1.0,1.0
62,Original baseline,"0,7,11,13,20,21,25,30,34,40,43,44","21,25,44,11,13,20,7",Amsterdam--Bruxelles | Amsterdam--Essen | Berlin--Essen | Berlin--Warzawa | Brest--Paris | Bruxelles--Paris | Cadiz--Madrid | Essen--Khobenhaven | Khobenhaven--Stockholm | Madrid--Pamplona | Marseille--Paris | Marseille--Zurich | Pamplona--Paris | Venezia--Zagrab | Venezia--Zurich | Warzawa--Wilno,44.0,7.0,12.0,5.0,0.5833333333333334,132.0,61.0,0.5378787878787878,71.0,71.0,60.0,131.0,1.6136363636363635,2.977272727272727,2.977272727272727,63.8,35.0,0.8985915492957746,0.49295774647887325
62,Learned revised,"0,7,11,13,20,21,25,30,34,40,43,44","21,25,44,11,13,20,7",Amsterdam--Bruxelles | Amsterdam--Essen | Berlin--Essen | Berlin--Warzawa | Brest--Paris | Bruxelles--Paris | Cadiz--Madrid | Essen--Khobenhaven | Khobenhaven--Stockholm | Madrid--Pamplona | Marseille--Paris | Marseille--Zurich | Pamplona--Paris | Venezia--Zagrab | Venezia--Zurich | Warzawa--Wilno,44.0,7.0,12.0,5.0,0.5833333333333334,132.0,61.0,0.5378787878787878,72.0343472685376,71.0,60.0,131.0,1.6136363636363635,2.977272727272727,2.977272727272727,63.8,35.0,0.8985915492957746,0.49295774647887325
63,Original baseline,"4,8,10,20,21,23,26,29,33,34,38,42","23,38,4,29,26,34,8",Berlin--Danzic | Brest--Paris | Bucuresti--Kyiv | Bucuresti--Sevastopol | Danzic--Riga | Erzurum--Sochi | Kyiv--Smolensk | Kyiv--Wilno | Marseille--Paris | Moskva--Smolensk | Petrograd--Wilno | Riga--Wilno | Rostov--Sochi | Sevastopol--Sochi,43.0,7.0,12.0,5.0,0.5833333333333334,103.0,47.0,0.5436893203883495,56.0,56.0,63.0,119.0,1.302325581395349,2.7674418604651163,2.7674418604651163,56.0,56.0,1.0,1.0
63,Learned revised,"4,8,10,20,21,23,26,29,33,34,38,42","38,4,29,26,34,8,23",Berlin--Danzic | Brest--Paris | Bucuresti--Kyiv | Bucuresti--Sevastopol | Danzic--Riga | Erzurum--Sochi | Kyiv--Smolensk | Kyiv--Wilno | Marseille--Paris | Moskva--Smolensk | Petrograd--Wilno | Riga--Wilno | Rostov--Sochi | Sevastopol--Sochi,43.0,7.0,12.0,5.0,0.5833333333333334,103.0,47.0,0.5436893203883495,56.240138977109886,56.0,63.0,119.0,1.302325581395349,2.7674418604651163,2.7674418604651163,56.0,56.0,1.0,1.0
64,Original baseline,"0,4,7,15,16,19,20,30,35,38,41,44","38,4,16,41,7,19,20,0",Amsterdam--Bruxelles | Amsterdam--Frankfurt | Berlin--Danzic | Berlin--Frankfurt | Berlin--Wien | Brest--Paris | Bucuresti--Constantinople | Bucuresti--Kyiv | Danzic--Riga | Frankfurt--Paris | Kyiv--Wilno | Petrograd--Wilno | Riga--Wilno | Venezia--Zagrab | Wien--Zagrab,42.0,8.0,12.0,4.0,0.6666666666666666,122.0,40.0,0.6721311475409836,82.0,82.0,58.0,140.0,1.9523809523809523,3.3333333333333335,3.3333333333333335,68.2,34.0,0.8317073170731708,0.4146341463414634
64,Learned revised,"0,4,7,15,16,19,20,30,35,38,41,44","38,4,16,41,7,19,20,0",Amsterdam--Bruxelles | Amsterdam--Frankfurt | Berlin--Danzic | Berlin--Frankfurt | Berlin--Wien | Brest--Paris | Bucuresti--Constantinople | Bucuresti--Kyiv | Danzic--Riga | Frankfurt--Paris | Kyiv--Wilno | Petrograd--Wilno | Riga--Wilno | Venezia--Zagrab | Wien--Zagrab,42.0,8.0,12.0,4.0,0.6666666666666666,122.0,40.0,0.6721311475409836,82.7730563343408,82.0,58.0,140.0,1.9523809523809523,3.3333333333333335,3.3333333333333335,68.2,34.0,0.8317073170731708,0.4146341463414634
65,Original baseline,"2,5,10,12,17,20,23,33,37,38,40,42","23,17,42,12,20,37,10",Athina--Brindisi | Athina--Smyrna | Barcelona--Madrid | Barcelona--Marseille | Berlin--Danzic | Berlin--Frankfurt | Berlin--Wien | Brest--Paris | Brindisi--Roma | Bruxelles--Frankfurt | Bruxelles--Paris | Lisboa--Madrid | Marseille--Paris | Marseille--Roma | Wien--Zagrab,43.0,7.0,12.0,5.0,0.5833333333333334,115.0,51.0,0.5565217391304348,64.0,64.0,60.0,124.0,1.4883720930232558,2.883720930232558,2.883720930232558,54.2,23.0,0.846875,0.359375
65,Learned revised,"2,5,10,12,17,20,23,33,37,38,40,42","38,23,17,40,33",Athina--Palermo | Athina--Sofia | Barcelona--Marseille | Brest--Paris | Bruxelles--Paris | Bucuresti--Budapest | Bucuresti--Kyiv | Bucuresti--Sofia | Kyiv--Wilno | Marseille--Paris | Moskva--Petrograd | Petrograd--Wilno,42.0,5.0,12.0,7.0,0.4166666666666667,115.0,69.0,0.4,45.372666102912255,46.0,71.0,117.0,1.0952380952380953,2.7857142857142856,2.7857142857142856,46.0,46.0,1.0,1.0
66,Original baseline,"0,1,3,6,8,11,14,16,17,24,40,41","14,0,40,6,41",Athina--Palermo | Athina--Smyrna | Brest--Paris | Bucuresti--Constantinople | Bucuresti--Kyiv | Constantinople--Smyrna | Kyiv--Smolensk | Kyiv--Wilno | Moskva--Petrograd | Moskva--Smolensk | Palermo--Roma | Paris--Zurich | Roma--Venezia | Venezia--Zurich,42.0,5.0,12.0,7.0,0.4166666666666667,132.0,63.0,0.5227272727272727,69.0,69.0,64.0,133.0,1.6428571428571428,3.1666666666666665,3.1666666666666665,55.2,0.0,0.8,0.0
66,Learned revised,"0,1,3,6,8,11,14,16,17,24,40,41","14,0,40,6,41",Athina--Palermo | Athina--Smyrna | Brest--Paris | Bucuresti--Constantinople | Bucuresti--Kyiv | Constantinople--Smyrna | Kyiv--Smolensk | Kyiv--Wilno | Moskva--Petrograd | Moskva--Smolensk | Palermo--Roma | Paris--Zurich | Roma--Venezia | Venezia--Zurich,42.0,5.0,12.0,7.0,0.4166666666666667,132.0,63.0,0.5227272727272727,69.28889184577179,69.0,64.0,133.0,1.6428571428571428,3.1666666666666665,3.1666666666666665,55.2,0.0,0.8,0.0
67,Original baseline,"0,2,12,16,18,19,20,21,30,31,32,43","16,12,20,18,0,43,30,31,19",Angora--Constantinople | Athina--Smyrna | Berlin--Danzic | Berlin--Frankfurt | Berlin--Wien | Bruxelles--Frankfurt | Bucuresti--Budapest | Bucuresti--Constantinople | Bucuresti--Sofia | Budapest--Wien | Constantinople--Smyrna | Dieppe--London | Dieppe--Paris | Edinburgh--London | Frankfurt--Paris | Roma--Venezia | Venezia--Zagrab | Wien--Zagrab,43.0,9.0,12.0,3.0,0.75,104.0,22.0,0.7884615384615384,82.0,82.0,54.0,136.0,1.9069767441860466,3.1627906976744184,3.1627906976744184,67.8,37.0,0.8268292682926829,0.45121951219512196
67,Learned revised,"0,2,12,16,18,19,20,21,30,31,32,43","21,16,12,19,20,43,18,0,30",Amsterdam--Bruxelles | Amsterdam--London | Angora--Constantinople | Athina--Sofia | Berlin--Danzic | Berlin--Frankfurt | Berlin--Wien | Bruxelles--Frankfurt | Bruxelles--Paris | Bucuresti--Budapest | Bucuresti--Constantinople | Bucuresti--Sofia | Budapest--Wien | Edinburgh--London | Pamplona--Paris | Roma--Venezia | Venezia--Zagrab | Wien--Zagrab,45.0,9.0,12.0,3.0,0.75,104.0,20.0,0.8076923076923077,85.16387854673981,84.0,59.0,143.0,1.8666666666666667,3.1777777777777776,3.1777777777777776,73.6,39.0,0.8761904761904761,0.4642857142857143
68,Original baseline,"4,11,15,20,21,25,29,30,33,39,40,42","4,40,33,29,15",Athina--Palermo | Athina--Sofia | Bucuresti--Budapest | Bucuresti--Kyiv | Bucuresti--Sevastopol | Bucuresti--Sofia | Dieppe--Paris | Kyiv--Smolensk | Kyiv--Wilno | Madrid--Pamplona | Moskva--Smolensk | Pamplona--Paris | Riga--Wilno | Sevastopol--Sochi,44.0,5.0,12.0,7.0,0.4166666666666667,112.0,61.0,0.45535714285714285,51.0,51.0,71.0,122.0,1.1590909090909092,2.772727272727273,2.772727272727273,49.4,43.0,0.9686274509803922,0.8431372549019608
68,Learned revised,"4,11,15,20,21,25,29,30,33,39,40,42","21,15,11,42,25,39,20,4,33",Amsterdam--Bruxelles | Berlin--Danzic | Berlin--Frankfurt | Berlin--Wien | Bruxelles--Frankfurt | Bruxelles--Paris | Bucuresti--Budapest | Bucuresti--Sofia | Budapest--Wien | Danzic--Riga | Dieppe--Paris | Essen--Frankfurt | Lisboa--Madrid | Madrid--Pamplona | Marseille--Zurich | Pamplona--Paris | Paris--Zurich | Wien--Zagrab,44.0,9.0,12.0,3.0,0.75,112.0,33.0,0.7053571428571429,79.8864610895533,79.0,57.0,136.0,1.7954545454545454,3.090909090909091,3.090909090909091,63.8,36.0,0.8075949367088607,0.45569620253164556
69,Original baseline,"7,10,12,13,15,16,23,24,27,28,29,33","23,13,12,27,15,24,7,33",Amsterdam--London | Barcelona--Madrid | Barcelona--Marseille | Brest--Paris | Budapest--Sarajevo | Dieppe--London | Dieppe--Paris | Edinburgh--London | Marseille--Paris | Marseille--Zurich | Munchen--Zurich | Sarajevo--Sofia | Venezia--Zagrab | Venezia--Zurich | Warzawa--Wien | Warzawa--Wilno | Wien--Zagrab,44.0,8.0,12.0,4.0,0.6666666666666666,95.0,32.0,0.6631578947368421,63.0,63.0,59.0,122.0,1.4318181818181819,2.772727272727273,2.772727272727273,63.0,63.0,1.0,1.0
69,Learned revised,"7,10,12,13,15,16,23,24,27,28,29,33","23,13,12,27,15,24,7,33",Amsterdam--London | Barcelona--Madrid | Barcelona--Marseille | Brest--Paris | Budapest--Sarajevo | Dieppe--London | Dieppe--Paris | Edinburgh--London | Marseille--Paris | Marseille--Zurich | Munchen--Zurich | Sarajevo--Sofia | Venezia--Zagrab | Venezia--Zurich | Warzawa--Wien | Warzawa--Wilno | Wien--Zagrab,44.0,8.0,12.0,4.0,0.6666666666666666,95.0,32.0,0.6631578947368421,62.658828349484956,63.0,59.0,122.0,1.4318181818181819,2.772727272727273,2.772727272727273,63.0,63.0,1.0,1.0
70,Original baseline,"0,2,5,6,7,12,17,23,28,34,36,41","23,17,41,7,12,6",Amsterdam--Bruxelles | Athina--Sarajevo | Barcelona--Marseille | Berlin--Danzic | Berlin--Frankfurt | Berlin--Wien | Brest--Paris | Bruxelles--Frankfurt | Bruxelles--Paris | Budapest--Sarajevo | Budapest--Wien | Danzic--Riga | Marseille--Paris | Petrograd--Riga | Riga--Wilno,44.0,6.0,12.0,6.0,0.5,115.0,49.0,0.5739130434782609,66.0,66.0,65.0,131.0,1.5,2.977272727272727,2.977272727272727,58.0,26.0,0.8787878787878788,0.3939393939393939
70,Learned revised,"0,2,5,6,7,12,17,23,28,34,36,41","23,17,34,2,12,41,7",Amsterdam--Bruxelles | Angora--Erzurum | Barcelona--Marseille | Brest--Paris | Bruxelles--Frankfurt | Bruxelles--Paris | Erzurum--Sochi | Frankfurt--Munchen | Kharkov--Rostov | Marseille--Paris | Munchen--Wien | Petrograd--Wilno | Rostov--Sochi | Warzawa--Wien | Warzawa--Wilno,42.0,7.0,12.0,5.0,0.5833333333333334,115.0,45.0,0.6086956521739131,70.19283605272614,70.0,59.0,129.0,1.6666666666666667,3.0714285714285716,3.0714285714285716,62.0,30.0,0.8857142857142857,0.42857142857142855
71,Original baseline,"5,7,8,23,25,29,30,32,33,35,37,45","23,25,32,5,8,7",Amsterdam--Frankfurt | Berlin--Essen | Berlin--Wien | Brest--Paris | Essen--Frankfurt | Essen--Khobenhaven | Frankfurt--Paris | Khobenhaven--Stockholm | Marseille--Paris | Moskva--Petrograd | Petrograd--Stockholm | Petrograd--Wilno,41.0,6.0,12.0,6.0,0.5,105.0,51.0,0.5142857142857142,54.0,54.0,68.0,122.0,1.3170731707317074,2.975609756097561,2.975609756097561,51.6,42.0,0.9555555555555556,0.7777777777777778
71,Learned revised,"5,7,8,23,25,29,30,32,33,35,37,45","23,25,32,33,30,45,5",Angora--Erzurum | Angora--Smyrna | Athina--Smyrna | Athina--Sofia | Berlin--Essen | Berlin--Wien | Brest--Paris | Budapest--Sarajevo | Budapest--Wien | Essen--Frankfurt | Essen--Khobenhaven | Frankfurt--Paris | Khobenhaven--Stockholm | Marseille--Paris | Sarajevo--Sofia,40.0,7.0,12.0,5.0,0.5833333333333334,105.0,44.0,0.580952380952381,58.59657924637964,61.0,52.0,113.0,1.525,2.825,2.825,55.8,35.0,0.9147540983606557,0.5737704918032787
72,Original baseline,"0,7,11,12,16,20,21,22,25,26,32,40","16,12,20,22,0,7,21,25,32",Amsterdam--Frankfurt | Berlin--Frankfurt | Berlin--Wien | Bucuresti--Budapest | Bucuresti--Constantinople | Bucuresti--Kyiv | Budapest--Wien | Dieppe--London | Dieppe--Paris | Essen--Frankfurt | Essen--Khobenhaven | Frankfurt--Paris | Kyiv--Wilno | Marseille--Paris | Pamplona--Paris | Venezia--Zagrab | Wien--Zagrab,45.0,9.0,12.0,3.0,0.75,108.0,36.0,0.6666666666666666,72.0,72.0,62.0,134.0,1.6,2.977777777777778,2.977777777777778,60.0,38.0,0.8333333333333334,0.5277777777777778
72,Learned revised,"0,7,11,12,16,20,21,22,25,26,32,40","21,25,22,12,20,7,16,0,11",Amsterdam--Bruxelles | Amsterdam--Essen | Amsterdam--London | Berlin--Essen | Berlin--Warzawa | Berlin--Wien | Bruxelles--Paris | Bucuresti--Budapest | Bucuresti--Constantinople | Budapest--Wien | Madrid--Pamplona | Marseille--Paris | Marseille--Zurich | Pamplona--Paris | Venezia--Zagrab | Warzawa--Wilno | Wien--Zagrab,45.0,9.0,12.0,3.0,0.75,108.0,33.0,0.6944444444444444,76.56149359858131,75.0,62.0,137.0,1.6666666666666667,3.0444444444444443,3.0444444444444443,72.0,60.0,0.96,0.8
73,Original baseline,"0,5,6,7,14,16,21,23,28,30,33,34","14,30,0,6,7,16,21",Amsterdam--Frankfurt | Angora--Constantinople | Athina--Palermo | Athina--Smyrna | Berlin--Frankfurt | Bucuresti--Constantinople | Bucuresti--Kyiv | Constantinople--Smyrna | Frankfurt--Munchen | Frankfurt--Paris | Kyiv--Wilno | Munchen--Venezia | Palermo--Roma | Pamplona--Paris | Roma--Venezia,43.0,7.0,12.0,5.0,0.5833333333333334,96.0,35.0,0.6354166666666666,61.0,61.0,64.0,125.0,1.4186046511627908,2.9069767441860463,2.9069767441860463,39.4,7.0,0.6459016393442623,0.11475409836065574
73,Learned revised,"0,5,6,7,14,16,21,23,28,30,33,34","23,21,14,0,30,6,7",Amsterdam--Bruxelles | Angora--Constantinople | Athina--Palermo | Athina--Smyrna | Brest--Paris | Bruxelles--Paris | Bucuresti--Constantinople | Bucuresti--Kyiv | Constantinople--Smyrna | Kyiv--Wilno | Marseille--Paris | Marseille--Roma | Palermo--Roma | Pamplona--Paris | Roma--Venezia,45.0,7.0,12.0,5.0,0.5833333333333334,96.0,36.0,0.625,60.206941077330555,60.0,71.0,131.0,1.3333333333333333,2.911111111111111,2.911111111111111,49.4,14.0,0.8233333333333334,0.23333333333333334
74,Original baseline,"0,4,6,7,16,19,22,27,28,33,38,41","38,4,6,33,16,41,7,22,19",Amsterdam--Bruxelles | Amsterdam--Frankfurt | Amsterdam--London | Athina--Sofia | Berlin--Danzic | Berlin--Frankfurt | Berlin--Wien | Brest--Paris | Bucuresti--Budapest | Bucuresti--Kyiv | Bucuresti--Sofia | Budapest--Wien | Frankfurt--Paris | Kyiv--Wilno | Petrograd--Wilno | Riga--Wilno,44.0,9.0,12.0,3.0,0.75,114.0,26.0,0.7719298245614035,88.0,88.0,62.0,150.0,2.0,3.409090909090909,3.409090909090909,72.8,40.0,0.8272727272727273,0.45454545454545453
74,Learned revised,"0,4,6,7,16,19,22,27,28,33,38,41","38,4,6,33,16,41,7,22,19",Amsterdam--Bruxelles | Amsterdam--Frankfurt | Amsterdam--London | Athina--Sofia | Berlin--Danzic | Berlin--Frankfurt | Berlin--Wien | Brest--Paris | Bucuresti--Budapest | Bucuresti--Kyiv | Bucuresti--Sofia | Budapest--Wien | Frankfurt--Paris | Kyiv--Wilno | Petrograd--Wilno | Riga--Wilno,44.0,9.0,12.0,3.0,0.75,114.0,26.0,0.7719298245614035,88.96087545646242,88.0,62.0,150.0,2.0,3.409090909090909,3.409090909090909,72.8,40.0,0.8272727272727273,0.45454545454545453
75,Original baseline,"5,8,9,13,19,28,34,35,38,39,41,43","38,8,41,9,35,19,13,34",Berlin--Frankfurt | Berlin--Warzawa | Brest--Paris | Bruxelles--Frankfurt | Danzic--Warzawa | Erzurum--Sochi | Frankfurt--Munchen | Frankfurt--Paris | Kyiv--Wilno | Moskva--Petrograd | Moskva--Smolensk | Munchen--Venezia | Petrograd--Wilno | Rostov--Sochi | Warzawa--Wilno,41.0,8.0,12.0,4.0,0.6666666666666666,124.0,45.0,0.6370967741935484,79.0,79.0,55.0,134.0,1.9268292682926829,3.268292682926829,3.268292682926829,69.0,37.0,0.8734177215189873,0.46835443037974683
75,Learned revised,"5,8,9,13,19,28,34,35,38,39,41,43","38,8,9,41,35,19,13,34",Berlin--Frankfurt | Berlin--Warzawa | Brest--Paris | Bruxelles--Frankfurt | Danzic--Warzawa | Erzurum--Sochi | Frankfurt--Munchen | Frankfurt--Paris | Kyiv--Wilno | Moskva--Petrograd | Moskva--Smolensk | Munchen--Venezia | Petrograd--Wilno | Rostov--Sochi | Warzawa--Wilno,41.0,8.0,12.0,4.0,0.6666666666666666,124.0,45.0,0.6370967741935484,79.42999338899602,79.0,55.0,134.0,1.9268292682926829,3.268292682926829,3.268292682926829,69.0,37.0,0.8734177215189873,0.46835443037974683
76,Original baseline,"1,6,11,13,15,18,20,31,34,39,42,44","15,11,13,20,39,1,42,18,44",Berlin--Danzic | Berlin--Essen | Berlin--Wien | Brest--Dieppe | Budapest--Wien | Budapest--Zagrab | Cadiz--Lisboa | Dieppe--London | Dieppe--Paris | Essen--Khobenhaven | Khobenhaven--Stockholm | Lisboa--Madrid | Madrid--Pamplona | Pamplona--Paris | Paris--Zurich | Roma--Venezia | Venezia--Zagrab | Venezia--Zurich,43.0,9.0,12.0,3.0,0.75,118.0,21.0,0.8220338983050848,97.0,97.0,53.0,150.0,2.255813953488372,3.488372093023256,3.488372093023256,85.6,40.0,0.8824742268041237,0.41237113402061853
76,Learned revised,"1,6,11,13,15,18,20,31,34,39,42,44","34,31,6,15,11,13,20,39,1,18",Athina--Smyrna | Athina--Sofia | Berlin--Wien | Brest--Dieppe | Bucuresti--Kyiv | Bucuresti--Sofia | Budapest--Wien | Budapest--Zagrab | Dieppe--London | Dieppe--Paris | Erzurum--Sochi | Kyiv--Wilno | Madrid--Pamplona | Pamplona--Paris | Paris--Zurich | Roma--Venezia | Rostov--Sochi | Venezia--Zagrab | Venezia--Zurich,45.0,10.0,12.0,2.0,0.8333333333333334,118.0,41.0,0.652542372881356,77.87196402603175,77.0,56.0,133.0,1.711111111111111,2.9555555555555557,2.9555555555555557,72.8,61.0,0.9454545454545454,0.7922077922077922
77,Original baseline,"3,10,11,24,27,29,30,36,39,43,44,45","3,45,29,24,43,36",Athina--Brindisi | Berlin--Essen | Berlin--Warzawa | Brindisi--Roma | Dieppe--London | Dieppe--Paris | Edinburgh--London | Erzurum--Sochi | Essen--Khobenhaven | Kharkov--Kyiv | Kharkov--Rostov | Kyiv--Warzawa | Paris--Zurich | Roma--Venezia | Rostov--Sochi | Venezia--Zurich,44.0,6.0,12.0,6.0,0.5,129.0,56.0,0.5658914728682171,73.0,73.0,62.0,135.0,1.6590909090909092,3.0681818181818183,3.0681818181818183,73.0,73.0,1.0,1.0
77,Learned revised,"3,10,11,24,27,29,30,36,39,43,44,45","24,43,36,10,30,45,39",Angora--Erzurum | Angora--Smyrna | Athina--Brindisi | Athina--Smyrna | Brindisi--Roma | Budapest--Zagrab | Dieppe--London | Dieppe--Paris | Edinburgh--London | Essen--Frankfurt | Essen--Khobenhaven | Frankfurt--Paris | Paris--Zurich | Roma--Venezia | Venezia--Zagrab | Venezia--Zurich,40.0,7.0,12.0,5.0,0.5833333333333334,129.0,55.0,0.5736434108527132,73.77849806814287,74.0,51.0,125.0,1.85,3.125,3.125,67.2,40.0,0.9081081081081082,0.5405405405405406
78,Original baseline,"1,4,9,14,16,27,31,34,35,39,43,44","14,31,4,16,9,43",Amsterdam--Frankfurt | Amsterdam--London | Athina--Palermo | Athina--Smyrna | Athina--Sofia | Berlin--Danzic | Berlin--Frankfurt | Bucuresti--Kyiv | Bucuresti--Sofia | Constantinople--Smyrna | Danzic--Riga | Edinburgh--London | Kyiv--Wilno | Riga--Wilno | Smolensk--Wilno,45.0,6.0,12.0,6.0,0.5,121.0,56.0,0.5371900826446281,65.0,65.0,68.0,133.0,1.4444444444444444,2.9555555555555557,2.9555555555555557,51.4,31.0,0.7907692307692308,0.47692307692307695
78,Learned revised,"1,4,9,14,16,27,31,34,35,39,43,44","14,31,34,16,4,9,35",Athina--Palermo | Athina--Smyrna | Athina--Sofia | Berlin--Danzic | Berlin--Frankfurt | Berlin--Wien | Bucuresti--Budapest | Bucuresti--Kyiv | Budapest--Wien | Constantinople--Smyrna | Danzic--Riga | Danzic--Warzawa | Erzurum--Sochi | Kyiv--Smolensk | Rostov--Sochi,44.0,7.0,12.0,5.0,0.5833333333333334,121.0,66.0,0.45454545454545453,54.290720225639944,55.0,66.0,121.0,1.25,2.75,2.75,49.8,42.0,0.9054545454545454,0.7636363636363637
79,Original baseline,"2,3,4,10,14,18,19,20,24,36,43,44","14,10,43,18,24,20,19,36",Amsterdam--Bruxelles | Amsterdam--Frankfurt | Amsterdam--London | Athina--Palermo | Athina--Smyrna | Berlin--Danzic | Berlin--Frankfurt | Brindisi--Roma | Constantinople--Smyrna | Edinburgh--London | Frankfurt--Munchen | Frankfurt--Paris | Munchen--Venezia | Palermo--Roma | Roma--Venezia | Venezia--Zagrab | Venezia--Zurich,44.0,8.0,12.0,4.0,0.6666666666666666,126.0,51.0,0.5952380952380952,75.0,75.0,62.0,137.0,1.7045454545454546,3.1136363636363638,3.1136363636363638,53.4,38.0,0.712,0.5066666666666667
79,Learned revised,"2,3,4,10,14,18,19,20,24,36,43,44","14,10,3,18,43,19,24",Amsterdam--Bruxelles | Amsterdam--Essen | Amsterdam--London | Athina--Palermo | Athina--Smyrna | Berlin--Essen | Berlin--Warzawa | Bruxelles--Paris | Bucuresti--Constantinople | Bucuresti--Kyiv | Constantinople--Smyrna | Danzic--Warzawa | Edinburgh--London | Kyiv--Warzawa | Palermo--Roma,45.0,7.0,12.0,5.0,0.5833333333333334,126.0,54.0,0.5714285714285714,72.0344130604912,72.0,71.0,143.0,1.6,3.1777777777777776,3.1777777777777776,62.8,26.0,0.8722222222222222,0.3611111111111111
80,Original baseline,"1,2,6,9,17,20,22,23,27,33,37,43","23,17,27,1,43,9",Amsterdam--Bruxelles | Amsterdam--London | Athina--Sarajevo | Barcelona--Marseille | Brest--Paris | Bruxelles--Frankfurt | Bruxelles--Paris | Budapest--Kyiv | Budapest--Sarajevo | Budapest--Wien | Edinburgh--London | Frankfurt--Munchen | Kyiv--Smolensk | Marseille--Paris | Munchen--Wien,44.0,6.0,12.0,6.0,0.5,113.0,46.0,0.5929203539823009,67.0,67.0,69.0,136.0,1.5227272727272727,3.090909090909091,3.090909090909091,56.6,15.0,0.8447761194029851,0.22388059701492538
80,Learned revised,"1,2,6,9,17,20,22,23,27,33,37,43","23,17,27,20,9,1,22,37",Amsterdam--Bruxelles | Amsterdam--London | Barcelona--Marseille | Berlin--Frankfurt | Brest--Paris | Brindisi--Roma | Bruxelles--Frankfurt | Bruxelles--Paris | Budapest--Kyiv | Budapest--Wien | Budapest--Zagrab | Frankfurt--Munchen | Kyiv--Smolensk | Marseille--Paris | Munchen--Venezia | Roma--Venezia | Venezia--Zagrab,43.0,8.0,12.0,4.0,0.6666666666666666,113.0,47.0,0.584070796460177,65.64244378854997,66.0,61.0,127.0,1.5348837209302326,2.953488372093023,2.953488372093023,57.0,28.0,0.8636363636363636,0.42424242424242425
81,Original baseline,"0,1,8,12,15,18,22,27,29,30,36,42","15,42,22,1,12,27,18,0,36",Barcelona--Pamplona | Berlin--Danzic | Berlin--Frankfurt | Berlin--Wien | Brindisi--Roma | Bucuresti--Budapest | Bucuresti--Constantinople | Budapest--Wien | Dieppe--London | Dieppe--Paris | Frankfurt--Munchen | Frankfurt--Paris | Lisboa--Madrid | Madrid--Pamplona | Munchen--Venezia | Pamplona--Paris | Roma--Venezia | Venezia--Zurich,45.0,9.0,12.0,3.0,0.75,111.0,25.0,0.7747747747747747,86.0,86.0,58.0,144.0,1.9111111111111112,3.2,3.2,60.6,22.0,0.7046511627906977,0.2558139534883721
81,Learned revised,"0,1,8,12,15,18,22,27,29,30,36,42","15,42,22,1,12,27,18,36,0",Barcelona--Pamplona | Berlin--Danzic | Berlin--Frankfurt | Berlin--Wien | Brindisi--Roma | Bucuresti--Budapest | Bucuresti--Constantinople | Budapest--Wien | Dieppe--London | Dieppe--Paris | Frankfurt--Munchen | Frankfurt--Paris | Lisboa--Madrid | Madrid--Pamplona | Munchen--Venezia | Pamplona--Paris | Roma--Venezia | Venezia--Zurich,45.0,9.0,12.0,3.0,0.75,111.0,25.0,0.7747747747747747,87.27763504220678,86.0,58.0,144.0,1.9111111111111112,3.2,3.2,60.6,22.0,0.7046511627906977,0.2558139534883721
82,Original baseline,"0,5,13,17,26,31,36,37,40,42,44,45","31,40,26,0,36,37",Athina--Palermo | Athina--Smyrna | Athina--Sofia | Brindisi--Roma | Bucuresti--Kyiv | Bucuresti--Sofia | Constantinople--Smyrna | Kharkov--Kyiv | Kharkov--Rostov | Kyiv--Smolensk | Moskva--Smolensk | Palermo--Roma | Roma--Venezia | Venezia--Zagrab | Venezia--Zurich,42.0,6.0,12.0,6.0,0.5,143.0,88.0,0.38461538461538464,55.0,55.0,62.0,117.0,1.3095238095238095,2.7857142857142856,2.7857142857142856,52.0,40.0,0.9454545454545454,0.7272727272727273
82,Learned revised,"0,5,13,17,26,31,36,37,40,42,44,45","31,40,26,0,36,37",Athina--Palermo | Athina--Smyrna | Athina--Sofia | Brindisi--Roma | Bucuresti--Kyiv | Bucuresti--Sofia | Constantinople--Smyrna | Kharkov--Kyiv | Kharkov--Rostov | Kyiv--Smolensk | Moskva--Smolensk | Palermo--Roma | Roma--Venezia | Venezia--Zagrab | Venezia--Zurich,42.0,6.0,12.0,6.0,0.5,143.0,88.0,0.38461538461538464,55.051244701269,55.0,62.0,117.0,1.3095238095238095,2.7857142857142856,2.7857142857142856,52.0,40.0,0.9454545454545454,0.7272727272727273
83,Original baseline,"4,5,10,16,19,23,24,27,33,36,37,41","23,4,16,41,19,27",Barcelona--Marseille | Berlin--Danzic | Berlin--Frankfurt | Brest--Paris | Bruxelles--Frankfurt | Bucuresti--Kyiv | Danzic--Riga | Frankfurt--Munchen | Frankfurt--Paris | Kyiv--Wilno | Marseille--Paris | Petrograd--Riga | Riga--Wilno,41.0,6.0,12.0,6.0,0.5,104.0,42.0,0.5961538461538461,62.0,62.0,61.0,123.0,1.5121951219512195,3.0,3.0,54.6,33.0,0.8806451612903226,0.532258064516129
83,Learned revised,"4,5,10,16,19,23,24,27,33,36,37,41","23,24,33,16,4,41,19",Berlin--Danzic | Berlin--Frankfurt | Berlin--Wien | Brest--Paris | Bruxelles--Frankfurt | Bucuresti--Sofia | Budapest--Sarajevo | Budapest--Wien | Danzic--Riga | Dieppe--London | Dieppe--Paris | Edinburgh--London | Frankfurt--Paris | Marseille--Paris | Petrograd--Riga | Sarajevo--Sofia,43.0,7.0,12.0,5.0,0.5833333333333334,104.0,38.0,0.6346153846153846,66.02596362025065,66.0,59.0,125.0,1.5348837209302326,2.9069767441860463,2.9069767441860463,60.2,37.0,0.9121212121212121,0.5606060606060606
84,Original baseline,"4,15,16,20,25,27,28,29,30,31,34,38","38,4,29,28,16,15,30",Angora--Smyrna | Athina--Smyrna | Berlin--Danzic | Bucuresti--Kyiv | Bucuresti--Sevastopol | Bucuresti--Sofia | Danzic--Riga | Dieppe--Paris | Kyiv--Wilno | Madrid--Pamplona | Pamplona--Paris | Petrograd--Wilno | Riga--Wilno | Sarajevo--Sofia | Sevastopol--Sochi,43.0,7.0,12.0,5.0,0.5833333333333334,86.0,33.0,0.6162790697674418,53.0,53.0,62.0,115.0,1.2325581395348837,2.6744186046511627,2.6744186046511627,50.4,45.0,0.9509433962264151,0.8490566037735849
84,Learned revised,"4,15,16,20,25,27,28,29,30,31,34,38","38,4,29,28,16,34,15",Berlin--Danzic | Bucuresti--Kyiv | Bucuresti--Sevastopol | Bucuresti--Sofia | Danzic--Riga | Dieppe--Paris | Erzurum--Sochi | Kyiv--Wilno | Madrid--Pamplona | Pamplona--Paris | Petrograd--Wilno | Riga--Wilno | Rostov--Sochi | Sarajevo--Sofia | Sevastopol--Sochi,43.0,7.0,12.0,5.0,0.5833333333333334,86.0,33.0,0.6162790697674418,53.1167710374707,53.0,62.0,115.0,1.2325581395348837,2.6744186046511627,2.6744186046511627,51.4,45.0,0.969811320754717,0.8490566037735849
85,Original baseline,"1,2,3,15,17,23,25,28,31,32,37,40","23,17,15,25,1,3,31,32",Amsterdam--Bruxelles | Amsterdam--Essen | Amsterdam--London | Athina--Smyrna | Athina--Sofia | Barcelona--Madrid | Barcelona--Marseille | Berlin--Essen | Berlin--Wien | Brest--Paris | Bruxelles--Paris | Budapest--Kyiv | Budapest--Wien | Dieppe--Paris | Essen--Frankfurt | Essen--Khobenhaven | Marseille--Paris,44.0,8.0,12.0,4.0,0.6666666666666666,105.0,44.0,0.580952380952381,61.0,61.0,64.0,125.0,1.3863636363636365,2.840909090909091,2.840909090909091,60.0,56.0,0.9836065573770492,0.9180327868852459
85,Learned revised,"1,2,3,15,17,23,25,28,31,32,37,40","23,17,15,25,1,3,31,32",Amsterdam--Bruxelles | Amsterdam--Essen | Amsterdam--London | Athina--Smyrna | Athina--Sofia | Barcelona--Madrid | Barcelona--Marseille | Berlin--Essen | Berlin--Wien | Brest--Paris | Bruxelles--Paris | Budapest--Kyiv | Budapest--Wien | Dieppe--Paris | Essen--Frankfurt | Essen--Khobenhaven | Marseille--Paris,44.0,8.0,12.0,4.0,0.6666666666666666,105.0,44.0,0.580952380952381,59.20716557517022,61.0,64.0,125.0,1.3863636363636365,2.840909090909091,2.840909090909091,60.0,56.0,0.9836065573770492,0.9180327868852459
86,Original baseline,"0,2,14,22,26,27,31,32,39,40,42,43","14,0,40,31,2,26,39",Angora--Constantinople | Athina--Palermo | Athina--Smyrna | Bucuresti--Budapest | Bucuresti--Constantinople | Bucuresti--Kyiv | Bucuresti--Sofia | Constantinople--Smyrna | Kharkov--Kyiv | Kharkov--Rostov | Kyiv--Smolensk | Moskva--Smolensk | Palermo--Roma | Roma--Venezia | Venezia--Zurich,44.0,7.0,12.0,5.0,0.5833333333333334,128.0,61.0,0.5234375,67.0,67.0,67.0,134.0,1.5227272727272727,3.0454545454545454,3.0454545454545454,58.2,23.0,0.8686567164179105,0.34328358208955223
86,Learned revised,"0,2,14,22,26,27,31,32,39,40,42,43","14,0,31,40,2,26,39",Angora--Constantinople | Athina--Palermo | Athina--Smyrna | Athina--Sofia | Bucuresti--Budapest | Bucuresti--Kyiv | Bucuresti--Sofia | Constantinople--Smyrna | Kharkov--Kyiv | Kharkov--Rostov | Kyiv--Smolensk | Moskva--Smolensk | Palermo--Roma | Roma--Venezia | Venezia--Zurich,44.0,7.0,12.0,5.0,0.5833333333333334,128.0,61.0,0.5234375,66.66951468008757,67.0,67.0,134.0,1.5227272727272727,3.0454545454545454,3.0454545454545454,60.4,34.0,0.9014925373134328,0.5074626865671642
87,Original baseline,"2,8,10,14,22,23,29,33,36,41,43,44","14,10,23,43,41",Athina--Palermo | Athina--Smyrna | Brest--Paris | Bucuresti--Constantinople | Bucuresti--Kyiv | Constantinople--Smyrna | Dieppe--London | Dieppe--Paris | Edinburgh--London | Kyiv--Wilno | Marseille--Paris | Marseille--Roma | Palermo--Roma | Petrograd--Wilno,45.0,5.0,12.0,7.0,0.4166666666666667,133.0,69.0,0.48120300751879697,64.0,64.0,74.0,138.0,1.4222222222222223,3.066666666666667,3.066666666666667,56.8,28.0,0.8875,0.4375
87,Learned revised,"2,8,10,14,22,23,29,33,36,41,43,44","23,14,10,43,41",Athina--Palermo | Athina--Smyrna | Brest--Paris | Bucuresti--Constantinople | Bucuresti--Kyiv | Constantinople--Smyrna | Dieppe--London | Dieppe--Paris | Edinburgh--London | Kyiv--Wilno | Marseille--Paris | Marseille--Roma | Palermo--Roma | Petrograd--Wilno,45.0,5.0,12.0,7.0,0.4166666666666667,133.0,69.0,0.48120300751879697,63.26024982431947,64.0,74.0,138.0,1.4222222222222223,3.066666666666667,3.066666666666667,56.8,28.0,0.8875,0.4375
88,Original baseline,"3,6,10,11,19,20,25,31,32,33,38,43","38,6,31,33,3,43,19,20",Amsterdam--Bruxelles | Amsterdam--Essen | Amsterdam--London | Athina--Smyrna | Athina--Sofia | Berlin--Danzic | Berlin--Essen | Berlin--Wien | Bruxelles--Paris | Bucuresti--Budapest | Bucuresti--Kyiv | Bucuresti--Sofia | Budapest--Wien | Edinburgh--London | Kyiv--Wilno | Petrograd--Wilno | Wien--Zagrab,44.0,8.0,12.0,4.0,0.6666666666666666,103.0,29.0,0.7184466019417476,74.0,74.0,60.0,134.0,1.6818181818181819,3.0454545454545454,3.0454545454545454,73.0,69.0,0.9864864864864865,0.9324324324324325
88,Learned revised,"3,6,10,11,19,20,25,31,32,33,38,43","38,6,31,33,3,43,19,20",Amsterdam--Bruxelles | Amsterdam--Essen | Amsterdam--London | Athina--Smyrna | Athina--Sofia | Berlin--Danzic | Berlin--Essen | Berlin--Wien | Bruxelles--Paris | Bucuresti--Budapest | Bucuresti--Kyiv | Bucuresti--Sofia | Budapest--Wien | Edinburgh--London | Kyiv--Wilno | Petrograd--Wilno | Wien--Zagrab,44.0,8.0,12.0,4.0,0.6666666666666666,103.0,29.0,0.7184466019417476,74.18843798053061,74.0,60.0,134.0,1.6818181818181819,3.0454545454545454,3.0454545454545454,73.0,69.0,0.9864864864864865,0.9324324324324325
89,Original baseline,"1,9,14,19,26,30,32,33,35,36,38,40","14,30,40,35,9,19,38",Angora--Constantinople | Athina--Palermo | Athina--Smyrna | Berlin--Frankfurt | Berlin--Warzawa | Bruxelles--Frankfurt | Bucuresti--Constantinople | Bucuresti--Kyiv | Constantinople--Smyrna | Danzic--Warzawa | Kyiv--Smolensk | Kyiv--Warzawa | Moskva--Petrograd | Moskva--Smolensk,43.0,7.0,12.0,5.0,0.5833333333333334,101.0,34.0,0.6633663366336634,67.0,67.0,67.0,134.0,1.558139534883721,3.116279069767442,3.116279069767442,56.0,34.0,0.835820895522388,0.5074626865671642
89,Learned revised,"1,9,14,19,26,30,32,33,35,36,38,40","38,40,14,30,33,9,35",Angora--Constantinople | Athina--Palermo | Athina--Sofia | Bucuresti--Budapest | Bucuresti--Kyiv | Bucuresti--Sofia | Budapest--Wien | Constantinople--Sofia | Frankfurt--Munchen | Kyiv--Wilno | Moskva--Petrograd | Moskva--Smolensk | Munchen--Wien | Petrograd--Wilno | Warzawa--Wilno,45.0,7.0,12.0,5.0,0.5833333333333334,101.0,38.0,0.6237623762376238,61.60760184596988,63.0,70.0,133.0,1.4,2.9555555555555557,2.9555555555555557,60.4,50.0,0.9587301587301587,0.7936507936507936
90,Original baseline,"4,7,14,20,23,24,26,29,33,39,40,41","14,40,4,26,29,23",Athina--Palermo | Athina--Smyrna | Brest--Paris | Bucuresti--Constantinople | Bucuresti--Kyiv | Constantinople--Smyrna | Kharkov--Kyiv | Kharkov--Rostov | Kyiv--Smolensk | Kyiv--Wilno | Marseille--Paris | Moskva--Smolensk | Riga--Wilno | Rostov--Sochi,43.0,6.0,12.0,6.0,0.5,118.0,57.0,0.5169491525423728,61.0,61.0,67.0,128.0,1.4186046511627908,2.9767441860465116,2.9767441860465116,55.4,33.0,0.9081967213114754,0.5409836065573771
90,Learned revised,"4,7,14,20,23,24,26,29,33,39,40,41","23,14,40,41,4",Athina--Palermo | Athina--Smyrna | Brest--Paris | Bucuresti--Constantinople | Bucuresti--Kyiv | Constantinople--Smyrna | Kyiv--Smolensk | Marseille--Paris | Marseille--Roma | Moskva--Petrograd | Moskva--Smolensk | Palermo--Roma | Petrograd--Riga,45.0,5.0,12.0,7.0,0.4166666666666667,118.0,53.0,0.5508474576271186,64.51346166315253,65.0,75.0,140.0,1.4444444444444444,3.111111111111111,3.111111111111111,55.4,17.0,0.8523076923076923,0.26153846153846155
91,Original baseline,"0,3,14,17,23,25,26,30,31,32,37,41","14,30,0,31,37,23,17,25",Amsterdam--Bruxelles | Amsterdam--Essen | Angora--Constantinople | Athina--Palermo | Athina--Smyrna | Athina--Sofia | Barcelona--Marseille | Brest--Paris | Brindisi--Roma | Bruxelles--Paris | Constantinople--Smyrna | Marseille--Paris | Palermo--Roma | Roma--Venezia | Venezia--Zagrab,42.0,8.0,12.0,4.0,0.6666666666666666,100.0,43.0,0.57,57.0,57.0,63.0,120.0,1.3571428571428572,2.857142857142857,2.857142857142857,51.4,29.0,0.9017543859649123,0.5087719298245614
91,Learned revised,"0,3,14,17,23,25,26,30,31,32,37,41","23,17,25,41,3,14",Amsterdam--Bruxelles | Amsterdam--Essen | Athina--Palermo | Athina--Smyrna | Barcelona--Marseille | Berlin--Danzic | Berlin--Essen | Brest--Paris | Bruxelles--Paris | Constantinople--Smyrna | Danzic--Riga | Danzic--Warzawa | Kyiv--Warzawa | Marseille--Paris | Petrograd--Riga,45.0,6.0,12.0,6.0,0.5,100.0,39.0,0.61,60.977709767304376,61.0,70.0,131.0,1.3555555555555556,2.911111111111111,2.911111111111111,59.4,53.0,0.9737704918032787,0.8688524590163934
92,Original baseline,"3,6,9,10,15,18,21,28,36,39,40,41","3,9,41,40,18,10",Athina--Palermo | Athina--Smyrna | Berlin--Essen | Berlin--Warzawa | Brest--Paris | Essen--Frankfurt | Frankfurt--Munchen | Frankfurt--Paris | Kyiv--Smolensk | Kyiv--Warzawa | Moskva--Petrograd | Moskva--Smolensk | Munchen--Venezia | Palermo--Roma | Roma--Venezia,45.0,6.0,12.0,6.0,0.5,126.0,46.0,0.6349206349206349,80.0,80.0,69.0,149.0,1.7777777777777777,3.311111111111111,3.311111111111111,72.6,51.0,0.9075,0.6375
92,Learned revised,"3,6,9,10,15,18,21,28,36,39,40,41","21,15,3,9,41,18",Amsterdam--Bruxelles | Berlin--Essen | Berlin--Warzawa | Brest--Dieppe | Bruxelles--Frankfurt | Bruxelles--Paris | Dieppe--Paris | Essen--Frankfurt | Frankfurt--Munchen | Kyiv--Smolensk | Kyiv--Warzawa | Madrid--Pamplona | Moskva--Petrograd | Moskva--Smolensk | Munchen--Venezia | Pamplona--Paris | Roma--Venezia,42.0,6.0,12.0,6.0,0.5,126.0,59.0,0.5317460317460317,68.53354928653764,67.0,56.0,123.0,1.5952380952380953,2.9285714285714284,2.9285714285714284,62.2,52.0,0.9283582089552239,0.7761194029850746
93,Original baseline,"2,4,5,8,13,17,19,24,25,26,29,36","4,29,26,8,19,2",Angora--Constantinople | Berlin--Danzic | Berlin--Frankfurt | Bruxelles--Frankfurt | Bucuresti--Constantinople | Bucuresti--Kyiv | Bucuresti--Sevastopol | Danzic--Riga | Kharkov--Rostov | Kyiv--Smolensk | Kyiv--Wilno | Moskva--Smolensk | Riga--Wilno | Rostov--Sochi | Sevastopol--Sochi,41.0,6.0,12.0,6.0,0.5,104.0,47.0,0.5480769230769231,57.0,57.0,55.0,112.0,1.3902439024390243,2.731707317073171,2.731707317073171,55.2,48.0,0.968421052631579,0.8421052631578947
93,Learned revised,"2,4,5,8,13,17,19,24,25,26,29,36","24,4,29,26,8,19",Berlin--Danzic | Berlin--Frankfurt | Bruxelles--Frankfurt | Bucuresti--Kyiv | Bucuresti--Sevastopol | Danzic--Riga | Dieppe--London | Dieppe--Paris | Edinburgh--London | Kyiv--Smolensk | Kyiv--Wilno | Moskva--Smolensk | Riga--Wilno | Rostov--Sochi | Sevastopol--Sochi,41.0,6.0,12.0,6.0,0.5,104.0,50.0,0.5192307692307693,54.335991174146756,54.0,57.0,111.0,1.3170731707317074,2.707317073170732,2.707317073170732,52.2,45.0,0.9666666666666667,0.8333333333333334
94,Original baseline,"0,2,5,8,12,16,23,27,35,37,40,43","23,43,0,37,12,27",Athina--Brindisi | Athina--Smyrna | Barcelona--Marseille | Brest--Paris | Brindisi--Roma | Constantinople--Smyrna | Dieppe--London | Dieppe--Paris | Edinburgh--London | Marseille--Paris | Marseille--Roma | Munchen--Venezia | Roma--Venezia | Venezia--Zagrab | Wien--Zagrab,40.0,6.0,12.0,6.0,0.5,126.0,66.0,0.47619047619047616,60.0,60.0,56.0,116.0,1.5,2.9,2.9,58.0,50.0,0.9666666666666667,0.8333333333333334
94,Learned revised,"0,2,5,8,12,16,23,27,35,37,40,43","23,16,12,43,27,0",Athina--Sofia | Barcelona--Marseille | Berlin--Frankfurt | Berlin--Wien | Brest--Paris | Bucuresti--Budapest | Bucuresti--Constantinople | Bucuresti--Sofia | Budapest--Wien | Dieppe--London | Dieppe--Paris | Edinburgh--London | Frankfurt--Munchen | Frankfurt--Paris | Marseille--Paris | Munchen--Venezia,44.0,6.0,12.0,6.0,0.5,126.0,64.0,0.49206349206349204,62.20540357050146,62.0,62.0,124.0,1.4090909090909092,2.8181818181818183,2.8181818181818183,50.6,23.0,0.8161290322580645,0.3709677419354839
95,Original baseline,"0,2,9,12,14,18,26,33,36,38,40,44","14,0,40,9,18,38,2",Angora--Constantinople | Athina--Palermo | Athina--Smyrna | Berlin--Frankfurt | Bucuresti--Constantinople | Bucuresti--Kyiv | Constantinople--Smyrna | Frankfurt--Munchen | Kharkov--Kyiv | Kyiv--Smolensk | Moskva--Petrograd | Moskva--Smolensk | Munchen--Venezia | Palermo--Roma | Roma--Venezia,45.0,7.0,12.0,5.0,0.5833333333333334,124.0,48.0,0.6129032258064516,76.0,76.0,69.0,145.0,1.6888888888888889,3.2222222222222223,3.2222222222222223,59.6,25.0,0.7842105263157895,0.32894736842105265
95,Learned revised,"0,2,9,12,14,18,26,33,36,38,40,44","38,14,40,2,0,9",Angora--Constantinople | Athina--Palermo | Athina--Smyrna | Bucuresti--Constantinople | Bucuresti--Kyiv | Constantinople--Smyrna | Frankfurt--Munchen | Kharkov--Kyiv | Kyiv--Wilno | Moskva--Petrograd | Moskva--Smolensk | Munchen--Venezia | Palermo--Roma | Petrograd--Wilno | Roma--Venezia,45.0,6.0,12.0,6.0,0.5,124.0,57.0,0.5403225806451613,66.80967705270966,67.0,70.0,137.0,1.488888888888889,3.0444444444444443,3.0444444444444443,54.2,16.0,0.808955223880597,0.23880597014925373
96,Original baseline,"3,9,10,11,16,17,22,25,28,29,30,44","3,9,16,29,28,22,25,17",Amsterdam--Bruxelles | Amsterdam--Frankfurt | Amsterdam--London | Barcelona--Marseille | Berlin--Essen | Berlin--Warzawa | Bucuresti--Kyiv | Bucuresti--Sevastopol | Bucuresti--Sofia | Essen--Frankfurt | Frankfurt--Munchen | Kyiv--Smolensk | Kyiv--Warzawa | Marseille--Zurich | Munchen--Zurich | Sarajevo--Sofia | Sevastopol--Sochi,44.0,8.0,12.0,4.0,0.6666666666666666,112.0,42.0,0.625,70.0,70.0,60.0,130.0,1.5909090909090908,2.9545454545454546,2.9545454545454546,63.8,54.0,0.9114285714285714,0.7714285714285715
96,Learned revised,"3,9,10,11,16,17,22,25,28,29,30,44","16,3,9,29,28,22,25,17,11",Amsterdam--Bruxelles | Amsterdam--Frankfurt | Amsterdam--London | Barcelona--Madrid | Barcelona--Marseille | Berlin--Essen | Berlin--Wien | Bucuresti--Budapest | Bucuresti--Kyiv | Bucuresti--Sevastopol | Budapest--Sarajevo | Budapest--Wien | Essen--Frankfurt | Frankfurt--Munchen | Kyiv--Smolensk | Marseille--Zurich | Munchen--Zurich | Sevastopol--Sochi,45.0,9.0,12.0,3.0,0.75,112.0,34.0,0.6964285714285714,78.39263275600041,78.0,60.0,138.0,1.7333333333333334,3.066666666666667,3.066666666666667,71.8,62.0,0.9205128205128205,0.7948717948717948
97,Original baseline,"1,4,14,16,17,23,29,30,32,33,37,39","14,30,23,17,4,29",Angora--Constantinople | Athina--Palermo | Athina--Smyrna | Barcelona--Marseille | Brest--Paris | Bruxelles--Paris | Bucuresti--Kyiv | Bucuresti--Sevastopol | Constantinople--Smyrna | Kyiv--Wilno | Marseille--Paris | Riga--Wilno | Sevastopol--Sochi,41.0,6.0,12.0,6.0,0.5,86.0,40.0,0.5348837209302325,46.0,46.0,66.0,112.0,1.1219512195121952,2.731707317073171,2.731707317073171,43.4,33.0,0.9434782608695652,0.717391304347826
97,Learned revised,"1,4,14,16,17,23,29,30,32,33,37,39","23,17,14,30,16,33,4",Angora--Constantinople | Athina--Palermo | Athina--Smyrna | Barcelona--Marseille | Berlin--Danzic | Berlin--Wien | Brest--Paris | Bruxelles--Paris | Bucuresti--Budapest | Bucuresti--Sofia | Budapest--Wien | Constantinople--Smyrna | Danzic--Riga | Marseille--Paris,41.0,7.0,12.0,5.0,0.5833333333333334,86.0,35.0,0.5930232558139535,49.80472022780036,51.0,63.0,114.0,1.2439024390243902,2.7804878048780486,2.7804878048780486,48.4,38.0,0.9490196078431372,0.7450980392156863
98,Original baseline,"2,4,14,15,17,19,23,26,33,34,39,44","14,23,17,15,44,19",Amsterdam--Bruxelles | Amsterdam--Essen | Athina--Palermo | Athina--Smyrna | Barcelona--Madrid | Barcelona--Marseille | Berlin--Danzic | Berlin--Essen | Brest--Paris | Bruxelles--Paris | Cadiz--Madrid | Constantinople--Smyrna | Dieppe--Paris | Essen--Khobenhaven | Khobenhaven--Stockholm | Marseille--Paris,44.0,6.0,12.0,6.0,0.5,105.0,44.0,0.580952380952381,61.0,61.0,65.0,126.0,1.3863636363636365,2.8636363636363638,2.8636363636363638,59.4,53.0,0.9737704918032787,0.8688524590163934
98,Learned revised,"2,4,14,15,17,19,23,26,33,34,39,44","23,17,15,44,19,14",Amsterdam--Bruxelles | Amsterdam--Essen | Athina--Palermo | Athina--Smyrna | Barcelona--Madrid | Barcelona--Marseille | Berlin--Danzic | Berlin--Essen | Brest--Paris | Bruxelles--Paris | Cadiz--Madrid | Constantinople--Smyrna | Dieppe--Paris | Essen--Khobenhaven | Khobenhaven--Stockholm | Marseille--Paris,44.0,6.0,12.0,6.0,0.5,105.0,44.0,0.580952380952381,60.805682743845395,61.0,65.0,126.0,1.3863636363636365,2.8636363636363638,2.8636363636363638,59.4,53.0,0.9737704918032787,0.8688524590163934
99,Original baseline,"2,4,7,10,14,17,21,28,30,41,43,44","14,10,30,43,7,2",Amsterdam--Frankfurt | Amsterdam--London | Angora--Constantinople | Athina--Palermo | Athina--Smyrna | Bucuresti--Constantinople | Bucuresti--Kyiv | Constantinople--Smyrna | Edinburgh--London | Frankfurt--Munchen | Kharkov--Kyiv | Kyiv--Wilno | Munchen--Venezia | Palermo--Roma | Roma--Venezia,43.0,6.0,12.0,6.0,0.5,138.0,74.0,0.463768115942029,64.0,64.0,65.0,129.0,1.4883720930232558,3.0,3.0,44.2,31.0,0.690625,0.484375
99,Learned revised,"2,4,7,10,14,17,21,28,30,41,43,44","14,10,30,2,28,21,17",Amsterdam--Bruxelles | Angora--Constantinople | Athina--Palermo | Athina--Sarajevo | Athina--Smyrna | Barcelona--Pamplona | Bruxelles--Paris | Constantinople--Sevastopol | Constantinople--Smyrna | Kharkov--Rostov | Palermo--Roma | Pamplona--Paris | Rostov--Sevastopol,39.0,7.0,12.0,5.0,0.5833333333333334,138.0,84.0,0.391304347826087,52.82662748626084,54.0,63.0,117.0,1.3846153846153846,3.0,3.0,45.2,25.0,0.8370370370370371,0.46296296296296297
100,Original baseline,"6,7,9,12,15,27,31,35,36,40,42,43","15,42,12,27,43,31",Athina--Sarajevo | Athina--Smyrna | Barcelona--Pamplona | Berlin--Danzic | Berlin--Frankfurt | Berlin--Wien | Budapest--Sarajevo | Budapest--Wien | Dieppe--London | Dieppe--Paris | Edinburgh--London | Frankfurt--Munchen | Frankfurt--Paris | Lisboa--Madrid | Madrid--Pamplona | Pamplona--Paris | Sarajevo--Sofia,45.0,6.0,12.0,6.0,0.5,138.0,68.0,0.5072463768115942,70.0,70.0,61.0,131.0,1.5555555555555556,2.911111111111111,2.911111111111111,50.4,21.0,0.72,0.3
100,Learned revised,"6,7,9,12,15,27,31,35,36,40,42,43","15,42,12,43,6,7",Amsterdam--Frankfurt | Athina--Sarajevo | Berlin--Danzic | Berlin--Frankfurt | Berlin--Wien | Budapest--Sarajevo | Budapest--Wien | Danzic--Warzawa | Dieppe--London | Dieppe--Paris | Edinburgh--London | Frankfurt--Paris | Lisboa--Madrid | Madrid--Pamplona | Pamplona--Paris | Warzawa--Wilno,44.0,6.0,12.0,6.0,0.5,138.0,58.0,0.5797101449275363,80.74610079715364,80.0,61.0,141.0,1.8181818181818181,3.2045454545454546,3.2045454545454546,59.8,19.0,0.7474999999999999,0.2375
101,Original baseline,"1,4,7,8,15,17,21,23,26,33,36,40","23,17,15,21,4,40",Amsterdam--Bruxelles | Athina--Palermo | Athina--Sofia | Barcelona--Madrid | Barcelona--Marseille | Barcelona--Pamplona | Brest--Paris | Bruxelles--Paris | Bucuresti--Kyiv | Bucuresti--Sofia | Dieppe--Paris | Kyiv--Smolensk | Kyiv--Wilno | Marseille--Paris | Moskva--Smolensk | Riga--Wilno,45.0,6.0,12.0,6.0,0.5,113.0,53.0,0.5309734513274337,60.0,60.0,69.0,129.0,1.3333333333333333,2.8666666666666667,2.8666666666666667,60.0,60.0,1.0,1.0
101,Learned revised,"1,4,7,8,15,17,21,23,26,33,36,40","23,17,15,21,33,40",Amsterdam--Bruxelles | Athina--Palermo | Athina--Sofia | Barcelona--Madrid | Barcelona--Marseille | Barcelona--Pamplona | Brest--Paris | Bruxelles--Paris | Budapest--Kyiv | Budapest--Sarajevo | Dieppe--Paris | Kyiv--Smolensk | Marseille--Paris | Moskva--Smolensk | Sarajevo--Sofia,44.0,6.0,12.0,6.0,0.5,113.0,58.0,0.48672566371681414,54.840566766934785,55.0,72.0,127.0,1.25,2.8863636363636362,2.8863636363636362,55.0,55.0,1.0,1.0
102,Original baseline,"2,4,5,8,14,20,21,27,28,35,44,45","14,4,2,45",Angora--Constantinople | Angora--Erzurum | Athina--Palermo | Athina--Smyrna | Berlin--Danzic | Berlin--Essen | Bucuresti--Constantinople | Bucuresti--Kyiv | Constantinople--Smyrna | Danzic--Riga | Essen--Khobenhaven | Kharkov--Kyiv | Kyiv--Wilno | Riga--Wilno,43.0,4.0,12.0,8.0,0.3333333333333333,128.0,79.0,0.3828125,49.0,49.0,66.0,115.0,1.1395348837209303,2.6744186046511627,2.6744186046511627,47.4,41.0,0.9673469387755101,0.8367346938775511
102,Learned revised,"2,4,5,8,14,20,21,27,28,35,44,45","14,21,27,20,44,5",Amsterdam--Bruxelles | Athina--Palermo | Athina--Smyrna | Barcelona--Madrid | Barcelona--Pamplona | Bruxelles--Frankfurt | Bruxelles--Paris | Cadiz--Madrid | Constantinople--Smyrna | Essen--Frankfurt | Essen--Khobenhaven | Frankfurt--Munchen | Khobenhaven--Stockholm | Munchen--Venezia | Pamplona--Paris | Venezia--Zagrab | Wien--Zagrab,42.0,6.0,12.0,6.0,0.5,128.0,67.0,0.4765625,61.113340537341514,61.0,57.0,118.0,1.4523809523809523,2.8095238095238093,2.8095238095238093,47.2,25.0,0.7737704918032787,0.4098360655737705
103,Original baseline,"0,2,3,6,15,20,22,26,31,34,38,45","38,6,45,3,31,34",Athina--Smyrna | Athina--Sofia | Bucuresti--Kyiv | Bucuresti--Sevastopol | Bucuresti--Sofia | Erzurum--Sevastopol | Essen--Khobenhaven | Khobenhaven--Stockholm | Kyiv--Wilno | Petrograd--Stockholm | Petrograd--Wilno | Rostov--Sevastopol,43.0,6.0,12.0,6.0,0.5,108.0,50.0,0.5370370370370371,58.0,58.0,74.0,132.0,1.3488372093023255,3.0697674418604652,3.0697674418604652,57.0,53.0,0.9827586206896551,0.9137931034482759
103,Learned revised,"0,2,3,6,15,20,22,26,31,34,38,45","38,6,45,3,31,34",Athina--Smyrna | Athina--Sofia | Bucuresti--Kyiv | Bucuresti--Sevastopol | Bucuresti--Sofia | Erzurum--Sevastopol | Essen--Khobenhaven | Khobenhaven--Stockholm | Kyiv--Wilno | Petrograd--Stockholm | Petrograd--Wilno | Rostov--Sevastopol,43.0,6.0,12.0,6.0,0.5,108.0,50.0,0.5370370370370371,58.47831093908401,58.0,74.0,132.0,1.3488372093023255,3.0697674418604652,3.0697674418604652,57.0,53.0,0.9827586206896551,0.9137931034482759
104,Original baseline,"0,2,3,11,15,20,21,24,26,37,40,43","3,15,11,21,20,43,24,0",Amsterdam--Bruxelles | Amsterdam--London | Athina--Sarajevo | Athina--Smyrna | Berlin--Essen | Berlin--Warzawa | Bruxelles--Paris | Constantinople--Smyrna | Dieppe--Paris | Edinburgh--London | Kyiv--Warzawa | Madrid--Pamplona | Pamplona--Paris | Paris--Zurich | Sarajevo--Zagrab | Venezia--Zagrab | Venezia--Zurich,45.0,8.0,12.0,4.0,0.6666666666666666,122.0,44.0,0.639344262295082,78.0,78.0,63.0,141.0,1.7333333333333334,3.1333333333333333,3.1333333333333333,71.4,55.0,0.9153846153846155,0.7051282051282052
104,Learned revised,"0,2,3,11,15,20,21,24,26,37,40,43","21,15,11,20,43,24,0,37",Amsterdam--Bruxelles | Amsterdam--London | Athina--Brindisi | Athina--Sarajevo | Athina--Smyrna | Bruxelles--Paris | Constantinople--Smyrna | Dieppe--Paris | Edinburgh--London | Madrid--Pamplona | Pamplona--Paris | Paris--Zurich | Sarajevo--Zagrab | Venezia--Zagrab | Venezia--Zurich,39.0,8.0,12.0,4.0,0.6666666666666666,122.0,48.0,0.6065573770491803,75.07751118690923,74.0,54.0,128.0,1.8974358974358974,3.282051282051282,3.282051282051282,67.4,51.0,0.9108108108108108,0.6891891891891891
105,Original baseline,"3,11,13,15,17,21,26,31,34,35,37,45","3,35,26,45,34,15,11,21,17",Amsterdam--Bruxelles | Barcelona--Pamplona | Berlin--Essen | Berlin--Warzawa | Bruxelles--Paris | Dieppe--Paris | Erzurum--Sochi | Essen--Khobenhaven | Kharkov--Kyiv | Kharkov--Rostov | Kyiv--Smolensk | Kyiv--Warzawa | Madrid--Pamplona | Pamplona--Paris | Paris--Zurich | Rostov--Sochi,43.0,9.0,12.0,3.0,0.75,100.0,19.0,0.81,81.0,81.0,60.0,141.0,1.8837209302325582,3.2790697674418605,3.2790697674418605,74.8,50.0,0.9234567901234567,0.6172839506172839
105,Learned revised,"3,11,13,15,17,21,26,31,34,35,37,45","34,21,17,15,11,13,35,3,26",Amsterdam--Bruxelles | Barcelona--Madrid | Barcelona--Pamplona | Berlin--Essen | Berlin--Warzawa | Brest--Dieppe | Bruxelles--Paris | Dieppe--Paris | Erzurum--Sochi | Kharkov--Kyiv | Kharkov--Rostov | Kyiv--Wilno | Pamplona--Paris | Paris--Zurich | Rostov--Sochi | Smolensk--Wilno | Venezia--Zurich | Warzawa--Wilno,44.0,9.0,12.0,3.0,0.75,100.0,32.0,0.68,68.895964060058,68.0,57.0,125.0,1.5454545454545454,2.840909090909091,2.840909090909091,61.8,37.0,0.9088235294117647,0.5441176470588235
106,Original baseline,"3,4,5,10,11,12,16,20,21,24,27,37","3,16,4,21,11,27,12,20",Amsterdam--Bruxelles | Barcelona--Pamplona | Berlin--Essen | Berlin--Warzawa | Bruxelles--Paris | Bucuresti--Kyiv | Danzic--Riga | Danzic--Warzawa | Kyiv--Warzawa | Madrid--Pamplona | Munchen--Wien | Munchen--Zurich | Pamplona--Paris | Paris--Zurich | Wien--Zagrab,41.0,8.0,12.0,4.0,0.6666666666666666,97.0,31.0,0.6804123711340206,66.0,66.0,57.0,123.0,1.6097560975609757,3.0,3.0,61.4,43.0,0.9303030303030303,0.6515151515151515
106,Learned revised,"3,4,5,10,11,12,16,20,21,24,27,37","21,11,27,12,20,3,5,16",Amsterdam--Bruxelles | Amsterdam--Essen | Barcelona--Pamplona | Berlin--Essen | Bruxelles--Paris | Bucuresti--Budapest | Budapest--Kyiv | Budapest--Wien | Essen--Khobenhaven | Khobenhaven--Stockholm | Madrid--Pamplona | Munchen--Wien | Munchen--Zurich | Pamplona--Paris | Paris--Zurich | Wien--Zagrab,44.0,8.0,12.0,4.0,0.6666666666666666,97.0,31.0,0.6804123711340206,66.88801022860173,66.0,65.0,131.0,1.5,2.977272727272727,2.977272727272727,61.4,43.0,0.9303030303030303,0.6515151515151515
107,Original baseline,"3,6,12,13,15,18,19,20,25,28,29,42","3,19,42,15,12,20,25,18",Amsterdam--Bruxelles | Amsterdam--Essen | Berlin--Essen | Berlin--Warzawa | Berlin--Wien | Bruxelles--Paris | Danzic--Warzawa | Dieppe--Paris | Kyiv--Warzawa | Lisboa--Madrid | Madrid--Pamplona | Marseille--Paris | Marseille--Roma | Pamplona--Paris | Wien--Zagrab,42.0,8.0,12.0,4.0,0.6666666666666666,114.0,35.0,0.6929824561403509,79.0,79.0,61.0,140.0,1.880952380952381,3.3333333333333335,3.3333333333333335,73.4,51.0,0.929113924050633,0.6455696202531646
107,Learned revised,"3,6,12,13,15,18,19,20,25,28,29,42","3,19,42,15,12,25,18,20",Amsterdam--Bruxelles | Amsterdam--Essen | Berlin--Essen | Berlin--Warzawa | Berlin--Wien | Bruxelles--Paris | Danzic--Warzawa | Dieppe--Paris | Kyiv--Warzawa | Lisboa--Madrid | Madrid--Pamplona | Marseille--Paris | Marseille--Roma | Pamplona--Paris | Wien--Zagrab,42.0,8.0,12.0,4.0,0.6666666666666666,114.0,35.0,0.6929824561403509,80.0465209380788,79.0,61.0,140.0,1.880952380952381,3.3333333333333335,3.3333333333333335,73.4,51.0,0.929113924050633,0.6455696202531646
108,Original baseline,"3,8,11,13,17,23,28,31,33,37,38,41","23,13,11,17,38,41,3,8",Barcelona--Madrid | Barcelona--Marseille | Berlin--Essen | Brest--Paris | Bruxelles--Frankfurt | Bruxelles--Paris | Budapest--Kyiv | Budapest--Zagrab | Essen--Frankfurt | Kyiv--Wilno | Marseille--Paris | Marseille--Zurich | Moskva--Petrograd | Petrograd--Wilno | Venezia--Zagrab | Venezia--Zurich,45.0,8.0,12.0,4.0,0.6666666666666666,103.0,24.0,0.7669902912621359,79.0,79.0,67.0,146.0,1.7555555555555555,3.2444444444444445,3.2444444444444445,79.0,79.0,1.0,1.0
108,Learned revised,"3,8,11,13,17,23,28,31,33,37,38,41","38,8,3,41,23,17,13,11",Amsterdam--Bruxelles | Amsterdam--Essen | Barcelona--Madrid | Barcelona--Marseille | Berlin--Essen | Berlin--Warzawa | Brest--Dieppe | Bruxelles--Dieppe | Dieppe--Paris | Kyiv--Wilno | Marseille--Paris | Marseille--Zurich | Moskva--Petrograd | Petrograd--Wilno | Venezia--Zurich | Warzawa--Wilno,42.0,8.0,12.0,4.0,0.6666666666666666,103.0,24.0,0.7669902912621359,79.67110953113055,79.0,59.0,138.0,1.880952380952381,3.2857142857142856,3.2857142857142856,79.0,79.0,1.0,1.0
109,Original baseline,"2,3,6,9,13,17,18,20,34,35,39,42","3,9,35,18,6,13,20,39",Athina--Brindisi | Berlin--Essen | Berlin--Warzawa | Brest--Paris | Brindisi--Roma | Budapest--Zagrab | Essen--Frankfurt | Frankfurt--Munchen | Frankfurt--Paris | Kyiv--Smolensk | Kyiv--Warzawa | Kyiv--Wilno | Munchen--Venezia | Roma--Venezia | Venezia--Zagrab | Venezia--Zurich,41.0,8.0,12.0,4.0,0.6666666666666666,113.0,43.0,0.6194690265486725,70.0,70.0,53.0,123.0,1.7073170731707317,3.0,3.0,63.0,35.0,0.9,0.5
109,Learned revised,"2,3,6,9,13,17,18,20,34,35,39,42","3,9,35,18,6,13,20,39",Athina--Brindisi | Berlin--Essen | Berlin--Warzawa | Brest--Paris | Brindisi--Roma | Budapest--Zagrab | Essen--Frankfurt | Frankfurt--Munchen | Frankfurt--Paris | Kyiv--Smolensk | Kyiv--Warzawa | Kyiv--Wilno | Munchen--Venezia | Roma--Venezia | Venezia--Zagrab | Venezia--Zurich,41.0,8.0,12.0,4.0,0.6666666666666666,113.0,43.0,0.6194690265486725,71.45353368331745,70.0,53.0,123.0,1.7073170731707317,3.0,3.0,63.0,35.0,0.9,0.5
110,Original baseline,"2,4,6,12,16,19,20,32,34,35,39,44","4,6,16,19,12,20,39,35",Athina--Sofia | Berlin--Danzic | Berlin--Frankfurt | Berlin--Wien | Bruxelles--Frankfurt | Bruxelles--Paris | Bucuresti--Kyiv | Bucuresti--Sofia | Budapest--Wien | Danzic--Riga | Danzic--Warzawa | Kyiv--Wilno | Paris--Zurich | Riga--Wilno | Smolensk--Wilno | Wien--Zagrab,42.0,8.0,12.0,4.0,0.6666666666666666,106.0,41.0,0.6132075471698113,65.0,65.0,55.0,120.0,1.5476190476190477,2.857142857142857,2.857142857142857,59.0,35.0,0.9076923076923077,0.5384615384615384
110,Learned revised,"2,4,6,12,16,19,20,32,34,35,39,44","16,4,19,12,20,39,6,35,34",Athina--Sofia | Berlin--Danzic | Berlin--Frankfurt | Berlin--Wien | Bruxelles--Frankfurt | Bruxelles--Paris | Bucuresti--Budapest | Bucuresti--Sofia | Budapest--Wien | Danzic--Riga | Danzic--Warzawa | Erzurum--Sochi | Paris--Zurich | Riga--Wilno | Rostov--Sochi | Smolensk--Wilno | Wien--Zagrab,45.0,9.0,12.0,3.0,0.75,106.0,36.0,0.660377358490566,71.1361146654032,70.0,59.0,129.0,1.5555555555555556,2.8666666666666667,2.8666666666666667,64.0,40.0,0.9142857142857143,0.5714285714285714
111,Original baseline,"2,6,11,17,23,28,32,33,35,36,39,45","23,17,11,36,35,32,33,28",Barcelona--Madrid | Barcelona--Marseille | Brest--Paris | Brindisi--Roma | Bruxelles--Paris | Bucuresti--Sevastopol | Bucuresti--Sofia | Budapest--Sarajevo | Essen--Frankfurt | Essen--Khobenhaven | Marseille--Paris | Marseille--Roma | Marseille--Zurich | Sarajevo--Sofia | Smolensk--Wilno | Warzawa--Wilno,45.0,8.0,12.0,4.0,0.6666666666666666,101.0,48.0,0.5247524752475248,53.0,53.0,62.0,115.0,1.1777777777777778,2.5555555555555554,2.5555555555555554,53.0,53.0,1.0,1.0
111,Learned revised,"2,6,11,17,23,28,32,33,35,36,39,45","23,17,11,36,35,33,6",Athina--Sofia | Barcelona--Madrid | Barcelona--Marseille | Brest--Paris | Brindisi--Roma | Bruxelles--Paris | Budapest--Sarajevo | Budapest--Wien | Marseille--Paris | Marseille--Roma | Marseille--Zurich | Sarajevo--Sofia | Smolensk--Wilno | Warzawa--Wien | Warzawa--Wilno,42.0,7.0,12.0,5.0,0.5833333333333334,101.0,50.0,0.504950495049505,51.349091405370984,51.0,59.0,110.0,1.2142857142857142,2.619047619047619,2.619047619047619,51.0,51.0,1.0,1.0
112,Original baseline,"1,5,6,15,16,21,22,27,33,38,39,40","38,40,6,33,5,16",Athina--Palermo | Athina--Sofia | Berlin--Wien | Bucuresti--Budapest | Bucuresti--Kyiv | Bucuresti--Sofia | Budapest--Wien | Kyiv--Wilno | Moskva--Petrograd | Petrograd--Stockholm | Petrograd--Wilno,41.0,6.0,12.0,6.0,0.5,106.0,46.0,0.5660377358490566,60.0,60.0,77.0,137.0,1.4634146341463414,3.341463414634146,3.341463414634146,60.0,60.0,1.0,1.0
112,Learned revised,"1,5,6,15,16,21,22,27,33,38,39,40","38,21,15,33,6,40",Amsterdam--Bruxelles | Athina--Palermo | Athina--Sofia | Bruxelles--Paris | Budapest--Kyiv | Budapest--Sarajevo | Dieppe--Paris | Kyiv--Wilno | Madrid--Pamplona | Moskva--Petrograd | Pamplona--Paris | Petrograd--Wilno | Sarajevo--Sofia,41.0,6.0,12.0,6.0,0.5,106.0,49.0,0.5377358490566038,57.67036855556005,57.0,71.0,128.0,1.3902439024390243,3.1219512195121952,3.1219512195121952,54.0,42.0,0.9473684210526315,0.7368421052631579
113,Original baseline,"5,7,8,9,13,15,18,19,22,24,29,41","15,24,22,41,8,9,19,7",Amsterdam--Bruxelles | Berlin--Danzic | Berlin--Frankfurt | Brest--Dieppe | Bruxelles--Frankfurt | Danzic--Riga | Dieppe--London | Dieppe--Paris | Edinburgh--London | Frankfurt--Paris | Madrid--Pamplona | Moskva--Petrograd | Moskva--Smolensk | Pamplona--Paris | Petrograd--Riga | Smolensk--Wilno,44.0,8.0,12.0,4.0,0.6666666666666666,123.0,35.0,0.7154471544715447,88.0,88.0,62.0,150.0,2.0,3.409090909090909,3.409090909090909,74.2,27.0,0.8431818181818183,0.3068181818181818
113,Learned revised,"5,7,8,9,13,15,18,19,22,24,29,41","24,15,22,41,8,9,19,7",Amsterdam--Bruxelles | Berlin--Danzic | Berlin--Frankfurt | Brest--Dieppe | Bruxelles--Frankfurt | Danzic--Riga | Dieppe--London | Dieppe--Paris | Edinburgh--London | Frankfurt--Paris | Madrid--Pamplona | Moskva--Petrograd | Moskva--Smolensk | Pamplona--Paris | Petrograd--Riga | Smolensk--Wilno,44.0,8.0,12.0,4.0,0.6666666666666666,123.0,35.0,0.7154471544715447,88.52691198823572,88.0,62.0,150.0,2.0,3.409090909090909,3.409090909090909,74.2,27.0,0.8431818181818183,0.3068181818181818
114,Original baseline,"1,7,8,11,12,17,21,23,32,43,44,45","23,17,21,11,44,32,12,1",Amsterdam--Bruxelles | Amsterdam--Essen | Amsterdam--London | Barcelona--Madrid | Barcelona--Marseille | Barcelona--Pamplona | Berlin--Essen | Berlin--Wien | Brest--Paris | Bruxelles--Paris | Cadiz--Madrid | Essen--Frankfurt | Essen--Khobenhaven | Khobenhaven--Stockholm | Marseille--Paris | Marseille--Zurich,41.0,8.0,12.0,4.0,0.6666666666666666,140.0,66.0,0.5285714285714286,74.0,74.0,53.0,127.0,1.8048780487804879,3.097560975609756,3.097560975609756,74.0,74.0,1.0,1.0
114,Learned revised,"1,7,8,11,12,17,21,23,32,43,44,45","23,17,21,11,44,32,12,1",Amsterdam--Bruxelles | Amsterdam--Essen | Amsterdam--London | Barcelona--Madrid | Barcelona--Marseille | Barcelona--Pamplona | Berlin--Essen | Berlin--Wien | Brest--Paris | Bruxelles--Paris | Cadiz--Madrid | Essen--Frankfurt | Essen--Khobenhaven | Khobenhaven--Stockholm | Marseille--Paris | Marseille--Zurich,41.0,8.0,12.0,4.0,0.6666666666666666,140.0,66.0,0.5285714285714286,73.7215522914602,74.0,53.0,127.0,1.8048780487804879,3.097560975609756,3.097560975609756,74.0,74.0,1.0,1.0
115,Original baseline,"0,5,6,11,13,14,17,24,28,32,34,40","14,0,40,6,24,32",Athina--Palermo | Athina--Smyrna | Bucuresti--Constantinople | Bucuresti--Kyiv | Constantinople--Smyrna | Dieppe--London | Dieppe--Paris | Edinburgh--London | Essen--Frankfurt | Essen--Khobenhaven | Kyiv--Smolensk | Kyiv--Wilno | Moskva--Smolensk | Palermo--Roma | Roma--Venezia,42.0,6.0,12.0,6.0,0.5,108.0,47.0,0.5648148148148148,61.0,61.0,63.0,124.0,1.4523809523809523,2.9523809523809526,2.9523809523809526,51.2,12.0,0.839344262295082,0.19672131147540983
115,Learned revised,"0,5,6,11,13,14,17,24,28,32,34,40","14,0,40,6,34,24",Athina--Palermo | Athina--Smyrna | Bucuresti--Constantinople | Bucuresti--Kyiv | Constantinople--Smyrna | Dieppe--London | Dieppe--Paris | Edinburgh--London | Erzurum--Sochi | Kyiv--Smolensk | Kyiv--Wilno | Moskva--Smolensk | Palermo--Roma | Roma--Venezia | Rostov--Sochi,42.0,6.0,12.0,6.0,0.5,108.0,47.0,0.5648148148148148,61.05241760090997,61.0,63.0,124.0,1.4523809523809523,2.9523809523809526,2.9523809523809526,51.2,12.0,0.839344262295082,0.19672131147540983
116,Original baseline,"1,4,6,16,22,23,32,33,36,39,43,45","23,43,36,1,39,22,16,6",Athina--Brindisi | Berlin--Wien | Brest--Paris | Brindisi--Roma | Bucuresti--Budapest | Bucuresti--Kyiv | Budapest--Wien | Dieppe--London | Dieppe--Paris | Edinburgh--London | Kyiv--Wilno | Marseille--Paris | Marseille--Roma | Marseille--Zurich | Munchen--Wien | Munchen--Zurich,45.0,8.0,12.0,4.0,0.6666666666666666,117.0,41.0,0.6495726495726496,76.0,76.0,66.0,142.0,1.6888888888888889,3.1555555555555554,3.1555555555555554,76.0,76.0,1.0,1.0
116,Learned revised,"1,4,6,16,22,23,32,33,36,39,43,45","23,33,16,45,43,1,22,32",Amsterdam--Essen | Amsterdam--London | Athina--Sofia | Berlin--Essen | Berlin--Wien | Brest--Paris | Bucuresti--Sevastopol | Bucuresti--Sofia | Budapest--Sarajevo | Budapest--Wien | Edinburgh--London | Erzurum--Sevastopol | Essen--Frankfurt | Essen--Khobenhaven | Marseille--Paris | Sarajevo--Sofia,45.0,8.0,12.0,4.0,0.6666666666666666,117.0,33.0,0.717948717948718,82.88623077588635,84.0,63.0,147.0,1.8666666666666667,3.2666666666666666,3.2666666666666666,84.0,84.0,1.0,1.0
117,Original baseline,"5,12,19,21,24,30,32,35,40,42,43,45","21,24,43,12,40",Amsterdam--Bruxelles | Amsterdam--London | Athina--Brindisi | Brindisi--Palermo | Brindisi--Roma | Bruxelles--Paris | Budapest--Kyiv | Budapest--Wien | Edinburgh--London | Kyiv--Smolensk | Moskva--Smolensk | Pamplona--Paris | Paris--Zurich | Roma--Venezia | Venezia--Zagrab | Venezia--Zurich | Wien--Zagrab,45.0,5.0,12.0,7.0,0.4166666666666667,139.0,76.0,0.45323741007194246,63.0,63.0,66.0,129.0,1.4,2.8666666666666667,2.8666666666666667,61.6,56.0,0.9777777777777777,0.8888888888888888
117,Learned revised,"5,12,19,21,24,30,32,35,40,42,43,45","21,24,43,12,40",Amsterdam--Bruxelles | Amsterdam--London | Athina--Brindisi | Brindisi--Palermo | Brindisi--Roma | Bruxelles--Paris | Budapest--Kyiv | Budapest--Wien | Edinburgh--London | Kyiv--Smolensk | Moskva--Smolensk | Pamplona--Paris | Paris--Zurich | Roma--Venezia | Venezia--Zagrab | Venezia--Zurich | Wien--Zagrab,45.0,5.0,12.0,7.0,0.4166666666666667,139.0,76.0,0.45323741007194246,63.66485801522063,63.0,66.0,129.0,1.4,2.8666666666666667,2.8666666666666667,61.6,56.0,0.9777777777777777,0.8888888888888888
118,Original baseline,"0,14,15,16,21,25,27,30,31,33,42,45","14,30,0,31,45,16,25,27",Angora--Constantinople | Angora--Erzurum | Athina--Palermo | Athina--Smyrna | Athina--Sofia | Barcelona--Marseille | Berlin--Essen | Bucuresti--Sofia | Constantinople--Smyrna | Essen--Frankfurt | Essen--Khobenhaven | Frankfurt--Munchen | Marseille--Zurich | Munchen--Venezia | Munchen--Zurich | Palermo--Roma | Roma--Venezia,45.0,8.0,12.0,4.0,0.6666666666666666,113.0,40.0,0.6460176991150443,73.0,73.0,63.0,136.0,1.6222222222222222,3.022222222222222,3.022222222222222,55.8,24.0,0.7643835616438356,0.3287671232876712
118,Learned revised,"0,14,15,16,21,25,27,30,31,33,42,45","14,0,30,31,45,16,33,25",Angora--Constantinople | Angora--Erzurum | Athina--Palermo | Athina--Smyrna | Athina--Sofia | Berlin--Essen | Bucuresti--Budapest | Bucuresti--Sofia | Constantinople--Smyrna | Essen--Frankfurt | Essen--Khobenhaven | Frankfurt--Munchen | Marseille--Zurich | Munchen--Venezia | Munchen--Zurich | Palermo--Roma | Roma--Venezia,45.0,8.0,12.0,4.0,0.6666666666666666,113.0,43.0,0.6194690265486725,68.94936495402624,70.0,63.0,133.0,1.5555555555555556,2.9555555555555557,2.9555555555555557,52.8,21.0,0.7542857142857142,0.3
119,Original baseline,"3,5,6,12,14,16,18,25,29,32,36,39","14,6,29,16,3,18,25",Athina--Palermo | Athina--Smyrna | Berlin--Essen | Berlin--Warzawa | Bucuresti--Constantinople | Bucuresti--Kyiv | Bucuresti--Sevastopol | Constantinople--Smyrna | Kyiv--Wilno | Marseille--Roma | Palermo--Roma | Sevastopol--Sochi | Warzawa--Wilno,42.0,7.0,12.0,5.0,0.5833333333333334,97.0,35.0,0.6391752577319587,62.0,62.0,68.0,130.0,1.4761904761904763,3.0952380952380953,3.0952380952380953,54.8,26.0,0.8838709677419354,0.41935483870967744
119,Learned revised,"3,5,6,12,14,16,18,25,29,32,36,39","14,6,29,16,3,18,25",Athina--Palermo | Athina--Smyrna | Berlin--Essen | Berlin--Warzawa | Bucuresti--Constantinople | Bucuresti--Kyiv | Bucuresti--Sevastopol | Constantinople--Smyrna | Kyiv--Wilno | Marseille--Roma | Palermo--Roma | Sevastopol--Sochi | Warzawa--Wilno,42.0,7.0,12.0,5.0,0.5833333333333334,97.0,35.0,0.6391752577319587,63.16705437725563,62.0,68.0,130.0,1.4761904761904763,3.0952380952380953,3.0952380952380953,54.8,26.0,0.8838709677419354,0.41935483870967744
120,Original baseline,"1,2,4,7,15,20,26,33,34,38,39,44","38,4,2,26,34,15,33",Angora--Constantinople | Angora--Erzurum | Bucuresti--Constantinople | Bucuresti--Kyiv | Budapest--Sarajevo | Dieppe--Paris | Kharkov--Kyiv | Kharkov--Rostov | Kyiv--Smolensk | Kyiv--Wilno | Madrid--Pamplona | Pamplona--Paris | Petrograd--Wilno | Riga--Wilno | Sarajevo--Sofia,44.0,7.0,12.0,5.0,0.5833333333333334,108.0,56.0,0.48148148148148145,52.0,52.0,64.0,116.0,1.1818181818181819,2.6363636363636362,2.6363636363636362,50.4,44.0,0.9692307692307692,0.8461538461538461
120,Learned revised,"1,2,4,7,15,20,26,33,34,38,39,44","38,4,2,26,34,33,15",Angora--Constantinople | Angora--Erzurum | Bucuresti--Constantinople | Bucuresti--Kyiv | Budapest--Sarajevo | Dieppe--Paris | Kharkov--Kyiv | Kharkov--Rostov | Kyiv--Smolensk | Kyiv--Wilno | Madrid--Pamplona | Pamplona--Paris | Petrograd--Wilno | Riga--Wilno | Sarajevo--Sofia,44.0,7.0,12.0,5.0,0.5833333333333334,108.0,56.0,0.48148148148148145,51.97245797611531,52.0,64.0,116.0,1.1818181818181819,2.6363636363636362,2.6363636363636362,50.4,44.0,0.9692307692307692,0.8461538461538461
121,Original baseline,"0,2,18,19,22,24,26,27,28,31,40,41","24,22,41,19,40,18",Berlin--Danzic | Berlin--Frankfurt | Brest--Dieppe | Bruxelles--Frankfurt | Danzic--Riga | Dieppe--London | Dieppe--Paris | Edinburgh--London | Frankfurt--Munchen | Frankfurt--Paris | Moskva--Petrograd | Munchen--Venezia | Palermo--Roma | Petrograd--Riga | Roma--Venezia,41.0,6.0,12.0,6.0,0.5,121.0,49.0,0.5950413223140496,72.0,72.0,57.0,129.0,1.7560975609756098,3.1463414634146343,3.1463414634146343,53.2,7.0,0.7388888888888889,0.09722222222222222
121,Learned revised,"0,2,18,19,22,24,26,27,28,31,40,41","24,22,41,19,18,40",Berlin--Danzic | Berlin--Frankfurt | Brest--Dieppe | Bruxelles--Frankfurt | Danzic--Riga | Dieppe--London | Dieppe--Paris | Edinburgh--London | Frankfurt--Munchen | Frankfurt--Paris | Moskva--Petrograd | Munchen--Venezia | Palermo--Roma | Petrograd--Riga | Roma--Venezia,41.0,6.0,12.0,6.0,0.5,121.0,49.0,0.5950413223140496,72.59459195370647,72.0,57.0,129.0,1.7560975609756098,3.1463414634146343,3.1463414634146343,53.2,7.0,0.7388888888888889,0.09722222222222222
122,Original baseline,"4,7,9,21,24,25,35,37,38,40,41,42","38,4,40,41",Athina--Palermo | Athina--Sofia | Brest--Paris | Bucuresti--Kyiv | Bucuresti--Sofia | Kyiv--Wilno | Moskva--Petrograd | Palermo--Roma | Paris--Zurich | Petrograd--Wilno | Riga--Wilno | Roma--Venezia | Venezia--Zurich,43.0,4.0,12.0,8.0,0.3333333333333333,135.0,79.0,0.4148148148148148,56.0,56.0,70.0,126.0,1.302325581395349,2.9302325581395348,2.9302325581395348,56.0,56.0,1.0,1.0
122,Learned revised,"4,7,9,21,24,25,35,37,38,40,41,42","38,4,40,35,9,7",Amsterdam--Frankfurt | Athina--Palermo | Athina--Sofia | Berlin--Frankfurt | Berlin--Warzawa | Bucuresti--Kyiv | Bucuresti--Sofia | Kyiv--Wilno | Moskva--Petrograd | Moskva--Smolensk | Petrograd--Wilno | Riga--Wilno | Warzawa--Wilno,43.0,6.0,12.0,6.0,0.5,135.0,68.0,0.4962962962962963,66.73531939467546,67.0,70.0,137.0,1.558139534883721,3.186046511627907,3.186046511627907,59.6,42.0,0.8895522388059701,0.6268656716417911
123,Original baseline,"12,13,15,18,19,20,26,30,32,34,41,45","15,30,32,41,13,20,12",Angora--Smyrna | Athina--Smyrna | Brest--Dieppe | Dieppe--Paris | Essen--Frankfurt | Essen--Khobenhaven | Frankfurt--Munchen | Frankfurt--Paris | Khobenhaven--Stockholm | Madrid--Pamplona | Munchen--Venezia | Pamplona--Paris | Petrograd--Stockholm | Venezia--Zagrab | Wien--Zagrab,42.0,7.0,12.0,5.0,0.5833333333333334,113.0,52.0,0.5398230088495575,61.0,61.0,63.0,124.0,1.4523809523809523,2.9523809523809526,2.9523809523809526,53.8,38.0,0.881967213114754,0.6229508196721312
123,Learned revised,"12,13,15,18,19,20,26,30,32,34,41,45","34,15,30,26,45",Angora--Smyrna | Athina--Smyrna | Dieppe--Paris | Erzurum--Sochi | Kharkov--Moskva | Kharkov--Rostov | Khobenhaven--Stockholm | Madrid--Pamplona | Moskva--Petrograd | Moskva--Smolensk | Pamplona--Paris | Petrograd--Stockholm | Rostov--Sochi,41.0,5.0,12.0,7.0,0.4166666666666667,113.0,66.0,0.415929203539823,46.50461702327089,47.0,67.0,114.0,1.146341463414634,2.7804878048780486,2.7804878048780486,44.4,39.0,0.9446808510638297,0.8297872340425532
124,Original baseline,"3,9,11,13,14,17,27,30,31,32,34,35","14,30,31,3,9,35,32,34",Angora--Constantinople | Athina--Palermo | Athina--Smyrna | Athina--Sofia | Berlin--Essen | Berlin--Warzawa | Constantinople--Smyrna | Erzurum--Sochi | Essen--Frankfurt | Essen--Khobenhaven | Kyiv--Smolensk | Kyiv--Warzawa | Rostov--Sochi,38.0,8.0,12.0,4.0,0.6666666666666666,89.0,32.0,0.6404494382022472,57.0,57.0,57.0,114.0,1.5,3.0,3.0,53.4,39.0,0.9368421052631579,0.6842105263157895
124,Learned revised,"3,9,11,13,14,17,27,30,31,32,34,35","14,30,31,34,3,9,35,32",Angora--Constantinople | Athina--Palermo | Athina--Smyrna | Athina--Sofia | Berlin--Essen | Berlin--Warzawa | Constantinople--Smyrna | Erzurum--Sochi | Essen--Frankfurt | Essen--Khobenhaven | Kyiv--Smolensk | Kyiv--Warzawa | Rostov--Sochi,38.0,8.0,12.0,4.0,0.6666666666666666,89.0,32.0,0.6404494382022472,54.42530440067842,57.0,57.0,114.0,1.5,3.0,3.0,53.4,39.0,0.9368421052631579,0.6842105263157895
125,Original baseline,"0,1,17,19,21,23,25,27,34,35,40,44","23,17,21,25,44,27,1,19",Amsterdam--Bruxelles | Amsterdam--Essen | Amsterdam--London | Barcelona--Madrid | Barcelona--Marseille | Barcelona--Pamplona | Berlin--Danzic | Berlin--Essen | Brest--Paris | Bruxelles--Frankfurt | Bruxelles--Paris | Cadiz--Madrid | Essen--Khobenhaven | Frankfurt--Munchen | Khobenhaven--Stockholm | Marseille--Paris | Munchen--Wien,44.0,8.0,12.0,4.0,0.6666666666666666,119.0,41.0,0.6554621848739496,78.0,78.0,57.0,135.0,1.7727272727272727,3.0681818181818183,3.0681818181818183,74.4,60.0,0.9538461538461539,0.7692307692307693
125,Learned revised,"0,1,17,19,21,23,25,27,34,35,40,44","23,25,17,27,21,44,1,19",Amsterdam--Bruxelles | Amsterdam--London | Barcelona--Madrid | Barcelona--Marseille | Barcelona--Pamplona | Berlin--Danzic | Berlin--Essen | Brest--Paris | Bruxelles--Paris | Cadiz--Madrid | Essen--Frankfurt | Essen--Khobenhaven | Frankfurt--Munchen | Frankfurt--Paris | Khobenhaven--Stockholm | Marseille--Paris | Munchen--Wien,44.0,8.0,12.0,4.0,0.6666666666666666,119.0,41.0,0.6554621848739496,78.32224844001729,78.0,57.0,135.0,1.7727272727272727,3.0681818181818183,3.0681818181818183,74.4,60.0,0.9538461538461539,0.7692307692307693
126,Original baseline,"0,2,5,13,14,15,16,24,26,30,31,40","14,30,0,40,2,26,31,24",Angora--Constantinople | Athina--Palermo | Athina--Smyrna | Bucuresti--Constantinople | Bucuresti--Kyiv | Bucuresti--Sofia | Constantinople--Smyrna | Dieppe--London | Dieppe--Paris | Edinburgh--London | Kharkov--Kyiv | Kharkov--Rostov | Kyiv--Smolensk | Moskva--Smolensk | Palermo--Roma | Roma--Venezia,45.0,8.0,12.0,4.0,0.6666666666666666,107.0,34.0,0.6822429906542056,73.0,73.0,68.0,141.0,1.6222222222222222,3.1333333333333333,3.1333333333333333,64.4,30.0,0.8821917808219178,0.410958904109589
126,Learned revised,"0,2,5,13,14,15,16,24,26,30,31,40","14,0,30,40,2,26,31,24",Angora--Constantinople | Athina--Palermo | Athina--Smyrna | Bucuresti--Constantinople | Bucuresti--Kyiv | Bucuresti--Sofia | Constantinople--Smyrna | Dieppe--London | Dieppe--Paris | Edinburgh--London | Kharkov--Kyiv | Kharkov--Rostov | Kyiv--Smolensk | Moskva--Smolensk | Palermo--Roma | Roma--Venezia,45.0,8.0,12.0,4.0,0.6666666666666666,107.0,34.0,0.6822429906542056,71.59434054360565,73.0,68.0,141.0,1.6222222222222222,3.1333333333333333,3.1333333333333333,64.4,30.0,0.8821917808219178,0.410958904109589
127,Original baseline,"0,1,9,12,13,27,32,35,39,41,42,43","35,9,41,12,1,43,39",Athina--Sarajevo | Berlin--Frankfurt | Berlin--Warzawa | Berlin--Wien | Brest--Paris | Budapest--Sarajevo | Budapest--Wien | Dieppe--London | Dieppe--Paris | Edinburgh--London | Frankfurt--Paris | Paris--Zurich | Petrograd--Wilno | Smolensk--Wilno | Warzawa--Wilno,44.0,7.0,12.0,5.0,0.5833333333333334,135.0,51.0,0.6222222222222222,84.0,84.0,64.0,148.0,1.9090909090909092,3.3636363636363638,3.3636363636363638,68.4,6.0,0.8142857142857144,0.07142857142857142
127,Learned revised,"0,1,9,12,13,27,32,35,39,41,42,43","35,9,41,12,1,43,39",Athina--Sarajevo | Berlin--Frankfurt | Berlin--Warzawa | Berlin--Wien | Brest--Paris | Budapest--Sarajevo | Budapest--Wien | Dieppe--London | Dieppe--Paris | Edinburgh--London | Frankfurt--Paris | Paris--Zurich | Petrograd--Wilno | Smolensk--Wilno | Warzawa--Wilno,44.0,7.0,12.0,5.0,0.5833333333333334,135.0,51.0,0.6222222222222222,84.77834065958163,84.0,64.0,148.0,1.9090909090909092,3.3636363636363638,3.3636363636363638,68.4,6.0,0.8142857142857144,0.07142857142857142
128,Original baseline,"5,8,9,14,17,24,27,36,38,39,41,43","14,38,8,41,9,24",Athina--Palermo | Athina--Smyrna | Berlin--Frankfurt | Berlin--Warzawa | Brest--Paris | Constantinople--Smyrna | Dieppe--London | Dieppe--Paris | Edinburgh--London | Frankfurt--Paris | Kyiv--Wilno | Moskva--Petrograd | Moskva--Smolensk | Petrograd--Wilno | Warzawa--Wilno,45.0,6.0,12.0,6.0,0.5,125.0,59.0,0.528,66.0,66.0,70.0,136.0,1.4666666666666666,3.022222222222222,3.022222222222222,57.8,33.0,0.8757575757575757,0.5
128,Learned revised,"5,8,9,14,17,24,27,36,38,39,41,43","38,14,8,9,41,24",Athina--Palermo | Athina--Smyrna | Berlin--Frankfurt | Berlin--Warzawa | Brest--Paris | Constantinople--Smyrna | Dieppe--London | Dieppe--Paris | Edinburgh--London | Frankfurt--Paris | Kyiv--Wilno | Moskva--Petrograd | Moskva--Smolensk | Petrograd--Wilno | Warzawa--Wilno,45.0,6.0,12.0,6.0,0.5,125.0,59.0,0.528,66.24765717913873,66.0,70.0,136.0,1.4666666666666666,3.022222222222222,3.022222222222222,57.8,33.0,0.8757575757575757,0.5
129,Original baseline,"1,6,15,19,21,25,28,36,39,40,42,43","15,21,42,19,1,43,6",Amsterdam--Bruxelles | Amsterdam--London | Athina--Sarajevo | Berlin--Danzic | Berlin--Frankfurt | Berlin--Wien | Bruxelles--Frankfurt | Bruxelles--Paris | Budapest--Sarajevo | Budapest--Wien | Danzic--Warzawa | Dieppe--Paris | Edinburgh--London | Lisboa--Madrid | Madrid--Pamplona | Pamplona--Paris | Warzawa--Wilno,44.0,7.0,12.0,5.0,0.5833333333333334,134.0,48.0,0.6417910447761194,86.0,86.0,60.0,146.0,1.9545454545454546,3.3181818181818183,3.3181818181818183,67.0,26.0,0.7790697674418605,0.3023255813953488
129,Learned revised,"1,6,15,19,21,25,28,36,39,40,42,43","21,15,42,19,1,43,6",Amsterdam--Bruxelles | Amsterdam--London | Athina--Sarajevo | Berlin--Danzic | Berlin--Frankfurt | Berlin--Wien | Bruxelles--Frankfurt | Bruxelles--Paris | Budapest--Sarajevo | Budapest--Wien | Danzic--Warzawa | Dieppe--Paris | Edinburgh--London | Lisboa--Madrid | Madrid--Pamplona | Pamplona--Paris | Warzawa--Wilno,44.0,7.0,12.0,5.0,0.5833333333333334,134.0,48.0,0.6417910447761194,87.1154086449769,86.0,60.0,146.0,1.9545454545454546,3.3181818181818183,3.3181818181818183,67.0,26.0,0.7790697674418605,0.3023255813953488
130,Original baseline,"0,4,10,21,25,26,27,29,35,36,37,42","4,29,26,35,21,25,27",Amsterdam--Bruxelles | Amsterdam--Essen | Barcelona--Pamplona | Bruxelles--Frankfurt | Bruxelles--Paris | Bucuresti--Kyiv | Bucuresti--Sevastopol | Frankfurt--Munchen | Kyiv--Smolensk | Kyiv--Wilno | Marseille--Paris | Pamplona--Paris | Riga--Wilno | Rostov--Sochi | Sevastopol--Sochi | Warzawa--Wilno,44.0,7.0,12.0,5.0,0.5833333333333334,105.0,50.0,0.5238095238095238,55.0,55.0,62.0,117.0,1.25,2.659090909090909,2.659090909090909,50.4,40.0,0.9163636363636364,0.7272727272727273
130,Learned revised,"0,4,10,21,25,26,27,29,35,36,37,42","21,25,42,35,4",Amsterdam--Bruxelles | Amsterdam--Essen | Berlin--Danzic | Berlin--Essen | Bruxelles--Paris | Bucuresti--Kyiv | Kyiv--Wilno | Lisboa--Madrid | Madrid--Pamplona | Marseille--Paris | Pamplona--Paris | Riga--Wilno | Smolensk--Wilno | Warzawa--Wilno,41.0,5.0,12.0,7.0,0.4166666666666667,105.0,54.0,0.4857142857142857,51.55096474822817,51.0,59.0,110.0,1.2439024390243902,2.682926829268293,2.682926829268293,45.6,24.0,0.8941176470588236,0.47058823529411764
131,Original baseline,"0,5,11,13,14,16,31,32,35,42,44,45","14,0,31,16,45,5,32",Angora--Constantinople | Angora--Erzurum | Athina--Palermo | Athina--Smyrna | Athina--Sofia | Berlin--Essen | Berlin--Wien | Bucuresti--Budapest | Bucuresti--Sofia | Budapest--Wien | Constantinople--Smyrna | Essen--Frankfurt | Essen--Khobenhaven | Khobenhaven--Stockholm | Palermo--Roma | Roma--Venezia,44.0,7.0,12.0,5.0,0.5833333333333334,130.0,63.0,0.5153846153846153,67.0,67.0,64.0,131.0,1.5227272727272727,2.977272727272727,2.977272727272727,58.2,23.0,0.8686567164179105,0.34328358208955223
131,Learned revised,"0,5,11,13,14,16,31,32,35,42,44,45","14,0,31,35,16,45",Angora--Constantinople | Angora--Erzurum | Athina--Palermo | Athina--Smyrna | Athina--Sofia | Berlin--Essen | Berlin--Wien | Bucuresti--Budapest | Bucuresti--Sofia | Budapest--Wien | Constantinople--Smyrna | Essen--Khobenhaven | Palermo--Roma | Roma--Venezia | Smolensk--Wilno | Warzawa--Wilno,45.0,6.0,12.0,6.0,0.5,130.0,72.0,0.4461538461538462,57.754257163554776,58.0,66.0,124.0,1.288888888888889,2.7555555555555555,2.7555555555555555,49.2,14.0,0.8482758620689655,0.2413793103448276
132,Original baseline,"2,7,9,11,12,19,24,35,37,40,41,43","24,43,37,12,41,40",Athina--Brindisi | Brest--Dieppe | Brindisi--Palermo | Brindisi--Roma | Dieppe--London | Dieppe--Paris | Edinburgh--London | Moskva--Petrograd | Paris--Zurich | Petrograd--Wilno | Roma--Venezia | Venezia--Zagrab | Venezia--Zurich | Warzawa--Wien | Warzawa--Wilno | Wien--Zagrab,44.0,6.0,12.0,6.0,0.5,140.0,58.0,0.5857142857142857,82.0,82.0,62.0,144.0,1.8636363636363635,3.272727272727273,3.272727272727273,82.0,82.0,1.0,1.0
132,Learned revised,"2,7,9,11,12,19,24,35,37,40,41,43","24,43,37,12,41,40",Athina--Brindisi | Brest--Dieppe | Brindisi--Palermo | Brindisi--Roma | Dieppe--London | Dieppe--Paris | Edinburgh--London | Moskva--Petrograd | Paris--Zurich | Petrograd--Wilno | Roma--Venezia | Venezia--Zagrab | Venezia--Zurich | Warzawa--Wien | Warzawa--Wilno | Wien--Zagrab,44.0,6.0,12.0,6.0,0.5,140.0,58.0,0.5857142857142857,82.35067705672657,82.0,62.0,144.0,1.8636363636363635,3.272727272727273,3.272727272727273,82.0,82.0,1.0,1.0
133,Original baseline,"1,2,3,4,12,13,17,23,25,32,35,41","23,13,12,41,1,35,17,25,3",Amsterdam--Bruxelles | Amsterdam--Essen | Barcelona--Marseille | Brest--Paris | Bruxelles--Paris | Dieppe--London | Dieppe--Paris | Kyiv--Wilno | Marseille--Paris | Marseille--Zurich | Petrograd--Wilno | Smolensk--Wilno | Venezia--Zagrab | Venezia--Zurich | Warzawa--Wien | Warzawa--Wilno | Wien--Zagrab,44.0,9.0,12.0,3.0,0.75,110.0,25.0,0.7727272727272727,85.0,85.0,60.0,145.0,1.9318181818181819,3.2954545454545454,3.2954545454545454,85.0,85.0,1.0,1.0
133,Learned revised,"1,2,3,4,12,13,17,23,25,32,35,41","23,13,12,41,1,35,25,3,17",Amsterdam--Bruxelles | Amsterdam--Essen | Amsterdam--London | Barcelona--Marseille | Brest--Paris | Dieppe--London | Dieppe--Paris | Kyiv--Wilno | Marseille--Paris | Marseille--Zurich | Petrograd--Wilno | Smolensk--Wilno | Venezia--Zagrab | Venezia--Zurich | Warzawa--Wien | Warzawa--Wilno | Wien--Zagrab,44.0,9.0,12.0,3.0,0.75,110.0,25.0,0.7727272727272727,85.45425852550653,85.0,60.0,145.0,1.9318181818181819,3.2954545454545454,3.2954545454545454,85.0,85.0,1.0,1.0
134,Original baseline,"6,9,10,13,14,15,20,27,29,38,39,43","14,10,6,38,29,9",Athina--Palermo | Athina--Smyrna | Bucuresti--Constantinople | Bucuresti--Kyiv | Bucuresti--Sevastopol | Constantinople--Smyrna | Frankfurt--Munchen | Kyiv--Smolensk | Kyiv--Wilno | Munchen--Venezia | Palermo--Roma | Petrograd--Wilno | Roma--Venezia | Sevastopol--Sochi,42.0,6.0,12.0,6.0,0.5,112.0,58.0,0.48214285714285715,54.0,54.0,65.0,119.0,1.2857142857142858,2.8333333333333335,2.8333333333333335,43.4,14.0,0.8037037037037037,0.25925925925925924
134,Learned revised,"6,9,10,13,14,15,20,27,29,38,39,43","38,6,14,29,10,15",Athina--Palermo | Athina--Smyrna | Athina--Sofia | Bucuresti--Kyiv | Bucuresti--Sevastopol | Bucuresti--Sofia | Constantinople--Sofia | Dieppe--Paris | Kyiv--Wilno | Madrid--Pamplona | Palermo--Roma | Pamplona--Paris | Petrograd--Wilno | Sevastopol--Sochi,44.0,6.0,12.0,6.0,0.5,112.0,63.0,0.4375,48.82357453654815,49.0,71.0,120.0,1.1136363636363635,2.727272727272727,2.727272727272727,45.8,41.0,0.9346938775510204,0.8367346938775511
135,Original baseline,"8,13,14,15,21,28,29,33,35,36,38,42","14,38,8,35,15,21,33",Amsterdam--Bruxelles | Athina--Palermo | Athina--Smyrna | Berlin--Warzawa | Bruxelles--Paris | Budapest--Sarajevo | Constantinople--Smyrna | Dieppe--Paris | Kyiv--Wilno | Madrid--Pamplona | Moskva--Petrograd | Moskva--Smolensk | Pamplona--Paris | Petrograd--Wilno | Sarajevo--Sofia | Warzawa--Wilno,45.0,7.0,12.0,5.0,0.5833333333333334,102.0,50.0,0.5098039215686274,52.0,52.0,69.0,121.0,1.1555555555555554,2.688888888888889,2.688888888888889,47.4,37.0,0.9115384615384615,0.7115384615384616
135,Learned revised,"8,13,14,15,21,28,29,33,35,36,38,42","38,8,35,14,21,15,33",Amsterdam--Bruxelles | Athina--Palermo | Athina--Smyrna | Berlin--Warzawa | Bruxelles--Paris | Budapest--Sarajevo | Constantinople--Smyrna | Dieppe--Paris | Kyiv--Wilno | Madrid--Pamplona | Moskva--Petrograd | Moskva--Smolensk | Pamplona--Paris | Petrograd--Wilno | Sarajevo--Sofia | Warzawa--Wilno,45.0,7.0,12.0,5.0,0.5833333333333334,102.0,50.0,0.5098039215686274,52.41704224435046,52.0,69.0,121.0,1.1555555555555554,2.688888888888889,2.688888888888889,47.4,37.0,0.9115384615384615,0.7115384615384616
136,Original baseline,"7,11,12,15,22,23,26,33,35,41,42,45","23,15,11,42,41,22,12,33",Barcelona--Madrid | Barcelona--Marseille | Berlin--Danzic | Berlin--Frankfurt | Berlin--Wien | Brest--Paris | Budapest--Sarajevo | Danzic--Riga | Dieppe--London | Dieppe--Paris | Frankfurt--Paris | Lisboa--Madrid | Marseille--Paris | Marseille--Zurich | Petrograd--Riga | Sarajevo--Sofia,45.0,8.0,12.0,4.0,0.6666666666666666,130.0,47.0,0.6384615384615384,83.0,83.0,62.0,145.0,1.8444444444444446,3.2222222222222223,3.2222222222222223,72.0,28.0,0.8674698795180723,0.3373493975903614
136,Learned revised,"7,11,12,15,22,23,26,33,35,41,42,45","23,15,11,12,41,42,7,35",Amsterdam--Bruxelles | Barcelona--Madrid | Barcelona--Marseille | Brest--Paris | Bruxelles--Paris | Danzic--Warzawa | Dieppe--Paris | Lisboa--Madrid | Marseille--Paris | Marseille--Zurich | Munchen--Wien | Munchen--Zurich | Petrograd--Wilno | Smolensk--Wilno | Warzawa--Wien | Warzawa--Wilno,43.0,8.0,12.0,4.0,0.6666666666666666,130.0,41.0,0.6846153846153846,89.32135671080717,89.0,60.0,149.0,2.0697674418604652,3.4651162790697674,3.4651162790697674,89.0,89.0,1.0,1.0
137,Original baseline,"3,7,13,15,22,24,25,26,32,34,37,41","3,7,41,22,25,24,13,15",Amsterdam--Bruxelles | Amsterdam--Essen | Amsterdam--London | Barcelona--Madrid | Barcelona--Marseille | Berlin--Essen | Berlin--Warzawa | Brest--Dieppe | Bruxelles--Dieppe | Dieppe--Paris | Edinburgh--London | Kyiv--Warzawa | Kyiv--Wilno | Marseille--Paris | Marseille--Zurich | Petrograd--Wilno | Venezia--Zurich,45.0,8.0,12.0,4.0,0.6666666666666666,104.0,24.0,0.7692307692307693,80.0,80.0,64.0,144.0,1.7777777777777777,3.2,3.2,80.0,80.0,1.0,1.0
137,Learned revised,"3,7,13,15,22,24,25,26,32,34,37,41","34,24,15,22,41,7",Amsterdam--Frankfurt | Berlin--Danzic | Berlin--Frankfurt | Brest--Dieppe | Danzic--Riga | Dieppe--London | Dieppe--Paris | Edinburgh--London | Erzurum--Sochi | Frankfurt--Paris | Madrid--Pamplona | Pamplona--Paris | Petrograd--Riga | Riga--Wilno | Rostov--Sochi,43.0,6.0,12.0,6.0,0.5,104.0,45.0,0.5673076923076923,59.344841183591214,59.0,61.0,120.0,1.372093023255814,2.7906976744186047,2.7906976744186047,47.2,20.0,0.8,0.3389830508474576
138,Original baseline,"5,12,13,24,25,26,27,31,32,34,35,39","24,35,31,32,5,12,25,39,13",Athina--Smyrna | Athina--Sofia | Berlin--Essen | Berlin--Wien | Brest--Dieppe | Budapest--Wien | Dieppe--London | Dieppe--Paris | Edinburgh--London | Essen--Frankfurt | Essen--Khobenhaven | Frankfurt--Paris | Khobenhaven--Stockholm | Marseille--Paris | Marseille--Zurich | Smolensk--Wilno | Venezia--Zurich | Warzawa--Wilno,45.0,9.0,12.0,3.0,0.75,84.0,21.0,0.75,63.0,63.0,58.0,121.0,1.4,2.688888888888889,2.688888888888889,62.0,58.0,0.9841269841269841,0.9206349206349206
138,Learned revised,"5,12,13,24,25,26,27,31,32,34,35,39","34,35,24,31,26,13,12,39",Athina--Smyrna | Athina--Sofia | Brest--Dieppe | Budapest--Wien | Dieppe--London | Dieppe--Paris | Edinburgh--London | Erzurum--Sochi | Kharkov--Kyiv | Kharkov--Rostov | Kyiv--Wilno | Paris--Zurich | Rostov--Sochi | Smolensk--Wilno | Venezia--Zagrab | Venezia--Zurich | Warzawa--Wilno | Wien--Zagrab,43.0,8.0,12.0,4.0,0.6666666666666666,84.0,31.0,0.6309523809523809,53.20401511324869,53.0,54.0,107.0,1.2325581395348837,2.488372093023256,2.488372093023256,52.0,48.0,0.9811320754716981,0.9056603773584906
139,Original baseline,"1,4,9,18,19,20,21,22,28,29,31,37","4,29,28,21,31,19,22,1",Amsterdam--Bruxelles | Amsterdam--London | Athina--Smyrna | Athina--Sofia | Berlin--Danzic | Berlin--Frankfurt | Berlin--Wien | Bruxelles--Frankfurt | Bruxelles--Paris | Bucuresti--Kyiv | Bucuresti--Sevastopol | Bucuresti--Sofia | Kyiv--Wilno | Pamplona--Paris | Riga--Wilno | Sarajevo--Sofia | Sevastopol--Sochi,45.0,8.0,12.0,4.0,0.6666666666666666,99.0,35.0,0.6464646464646465,64.0,64.0,61.0,125.0,1.4222222222222223,2.7777777777777777,2.7777777777777777,56.4,38.0,0.88125,0.59375
139,Learned revised,"1,4,9,18,19,20,21,22,28,29,31,37","21,4,29,28,31,19,22,1",Amsterdam--Bruxelles | Amsterdam--London | Athina--Smyrna | Athina--Sofia | Berlin--Danzic | Berlin--Frankfurt | Berlin--Wien | Bruxelles--Frankfurt | Bruxelles--Paris | Bucuresti--Kyiv | Bucuresti--Sevastopol | Bucuresti--Sofia | Kyiv--Wilno | Pamplona--Paris | Riga--Wilno | Sarajevo--Sofia | Sevastopol--Sochi,45.0,8.0,12.0,4.0,0.6666666666666666,99.0,35.0,0.6464646464646465,64.22345102802697,64.0,61.0,125.0,1.4222222222222223,2.7777777777777777,2.7777777777777777,56.4,38.0,0.88125,0.59375
140,Original baseline,"2,4,5,7,8,11,19,20,21,24,39,44","4,2,8,7,19,21",Amsterdam--Bruxelles | Amsterdam--Frankfurt | Angora--Constantinople | Berlin--Danzic | Berlin--Frankfurt | Bruxelles--Paris | Bucuresti--Constantinople | Bucuresti--Kyiv | Danzic--Riga | Kharkov--Kyiv | Kharkov--Moskva | Kyiv--Wilno | Pamplona--Paris | Riga--Wilno,41.0,6.0,12.0,6.0,0.5,119.0,59.0,0.5042016806722689,60.0,60.0,60.0,120.0,1.4634146341463414,2.926829268292683,2.926829268292683,50.2,39.0,0.8366666666666667,0.65
140,Learned revised,"2,4,5,7,8,11,19,20,21,24,39,44","21,24,11,44,19,5,39,20",Amsterdam--Bruxelles | Amsterdam--Essen | Amsterdam--London | Berlin--Danzic | Berlin--Essen | Berlin--Wien | Bruxelles--Paris | Budapest--Wien | Cadiz--Madrid | Edinburgh--London | Essen--Khobenhaven | Khobenhaven--Stockholm | Madrid--Pamplona | Pamplona--Paris | Paris--Zurich | Wien--Zagrab,42.0,8.0,12.0,4.0,0.6666666666666666,119.0,44.0,0.6302521008403361,76.1827741727796,75.0,56.0,131.0,1.7857142857142858,3.119047619047619,3.119047619047619,67.8,39.0,0.9039999999999999,0.52
141,Original baseline,"3,6,7,11,12,20,23,28,37,42,43,45","23,43,20,37,12,6,7,3",Amsterdam--Essen | Amsterdam--London | Athina--Brindisi | Brest--Paris | Brindisi--Roma | Dieppe--London | Dieppe--Paris | Edinburgh--London | Kyiv--Wilno | Marseille--Paris | Marseille--Roma | Roma--Venezia | Venezia--Zagrab | Warzawa--Wien | Warzawa--Wilno | Wien--Zagrab,44.0,8.0,12.0,4.0,0.6666666666666666,139.0,57.0,0.5899280575539568,82.0,82.0,62.0,144.0,1.8636363636363635,3.272727272727273,3.272727272727273,82.0,82.0,1.0,1.0
141,Learned revised,"3,6,7,11,12,20,23,28,37,42,43,45","23,12,20,43,6,7,37",Amsterdam--London | Athina--Brindisi | Athina--Sarajevo | Brest--Paris | Dieppe--London | Dieppe--Paris | Edinburgh--London | Marseille--Paris | Marseille--Zurich | Munchen--Wien | Munchen--Zurich | Sarajevo--Zagrab | Warzawa--Wien | Warzawa--Wilno | Wien--Zagrab,43.0,7.0,12.0,5.0,0.5833333333333334,139.0,67.0,0.5179856115107914,72.67738730172427,72.0,62.0,134.0,1.6744186046511629,3.116279069767442,3.116279069767442,72.0,72.0,1.0,1.0
142,Original baseline,"1,7,9,10,17,19,29,34,37,40,42,45","34,29,45,9,7,19,1",Amsterdam--Bruxelles | Amsterdam--Frankfurt | Amsterdam--London | Berlin--Essen | Berlin--Warzawa | Berlin--Wien | Danzic--Warzawa | Erzurum--Sochi | Essen--Frankfurt | Essen--Khobenhaven | Kharkov--Kyiv | Kharkov--Rostov | Kyiv--Smolensk | Kyiv--Warzawa | Kyiv--Wilno | Rostov--Sochi,41.0,7.0,12.0,5.0,0.5833333333333334,140.0,62.0,0.5571428571428572,78.0,78.0,54.0,132.0,1.9024390243902438,3.2195121951219514,3.2195121951219514,71.8,47.0,0.9205128205128205,0.6025641025641025
142,Learned revised,"1,7,9,10,17,19,29,34,37,40,42,45","34,29,45,9,7,19,1",Amsterdam--Bruxelles | Amsterdam--Frankfurt | Amsterdam--London | Berlin--Essen | Berlin--Warzawa | Berlin--Wien | Danzic--Warzawa | Erzurum--Sochi | Essen--Frankfurt | Essen--Khobenhaven | Kharkov--Kyiv | Kharkov--Rostov | Kyiv--Smolensk | Kyiv--Warzawa | Kyiv--Wilno | Rostov--Sochi,41.0,7.0,12.0,5.0,0.5833333333333334,140.0,62.0,0.5571428571428572,78.21025282405984,78.0,54.0,132.0,1.9024390243902438,3.2195121951219514,3.2195121951219514,71.8,47.0,0.9205128205128205,0.6025641025641025
143,Original baseline,"3,18,23,26,28,31,32,33,34,35,36,37","23,3,35,26,31,32,18",Athina--Smyrna | Athina--Sofia | Berlin--Essen | Berlin--Warzawa | Brest--Paris | Essen--Frankfurt | Essen--Khobenhaven | Frankfurt--Munchen | Kharkov--Kyiv | Kharkov--Rostov | Kyiv--Smolensk | Kyiv--Warzawa | Marseille--Paris | Munchen--Venezia | Roma--Venezia,42.0,7.0,12.0,5.0,0.5833333333333334,80.0,30.0,0.625,50.0,50.0,58.0,108.0,1.1904761904761905,2.5714285714285716,2.5714285714285716,47.2,41.0,0.9440000000000001,0.82
143,Learned revised,"3,18,23,26,28,31,32,33,34,35,36,37","23,34,3,35,26,33,28",Berlin--Essen | Berlin--Warzawa | Brest--Paris | Bucuresti--Sevastopol | Bucuresti--Sofia | Budapest--Sarajevo | Erzurum--Sochi | Kharkov--Kyiv | Kharkov--Rostov | Kyiv--Smolensk | Kyiv--Warzawa | Marseille--Paris | Rostov--Sochi | Sarajevo--Sofia,42.0,7.0,12.0,5.0,0.5833333333333334,80.0,31.0,0.6125,48.57291002719762,49.0,61.0,110.0,1.1666666666666667,2.619047619047619,2.619047619047619,49.0,49.0,1.0,1.0
144,Original baseline,"2,3,10,13,16,17,18,21,25,39,44,45","3,16,45,2,21,17",Amsterdam--Bruxelles | Angora--Erzurum | Barcelona--Pamplona | Berlin--Essen | Berlin--Warzawa | Bruxelles--Paris | Bucuresti--Kyiv | Bucuresti--Sevastopol | Erzurum--Sevastopol | Essen--Khobenhaven | Kharkov--Kyiv | Kyiv--Warzawa | Pamplona--Paris,41.0,6.0,12.0,6.0,0.5,124.0,60.0,0.5161290322580645,64.0,64.0,64.0,128.0,1.5609756097560976,3.1219512195121952,3.1219512195121952,61.0,49.0,0.953125,0.765625
144,Learned revised,"2,3,10,13,16,17,18,21,25,39,44,45","21,17,25,44,18,3,16",Amsterdam--Bruxelles | Amsterdam--Essen | Barcelona--Madrid | Barcelona--Pamplona | Berlin--Essen | Berlin--Warzawa | Bruxelles--Paris | Bucuresti--Kyiv | Cadiz--Madrid | Essen--Khobenhaven | Khobenhaven--Stockholm | Kyiv--Warzawa | Marseille--Paris | Marseille--Roma | Pamplona--Paris,45.0,7.0,12.0,5.0,0.5833333333333334,124.0,53.0,0.5725806451612904,72.70458269848854,71.0,67.0,138.0,1.5777777777777777,3.066666666666667,3.066666666666667,63.8,35.0,0.8985915492957746,0.49295774647887325
145,Original baseline,"2,3,6,7,11,13,14,26,35,36,38,39","14,6,38,2,26,35,3",Angora--Constantinople | Athina--Palermo | Athina--Smyrna | Berlin--Essen | Berlin--Warzawa | Bucuresti--Constantinople | Bucuresti--Kyiv | Constantinople--Smyrna | Kharkov--Kyiv | Kharkov--Rostov | Kyiv--Smolensk | Kyiv--Wilno | Petrograd--Wilno | Warzawa--Wilno,43.0,7.0,12.0,5.0,0.5833333333333334,99.0,40.0,0.5959595959595959,59.0,59.0,67.0,126.0,1.372093023255814,2.9302325581395348,2.9302325581395348,55.2,40.0,0.9355932203389831,0.6779661016949152
145,Learned revised,"2,3,6,7,11,13,14,26,35,36,38,39","38,6,14,2,26,35,3",Angora--Constantinople | Athina--Palermo | Athina--Sofia | Berlin--Essen | Berlin--Warzawa | Bucuresti--Kyiv | Bucuresti--Sofia | Constantinople--Sofia | Kharkov--Kyiv | Kharkov--Rostov | Kyiv--Smolensk | Kyiv--Wilno | Petrograd--Wilno | Warzawa--Wilno,44.0,7.0,12.0,5.0,0.5833333333333334,99.0,40.0,0.5959595959595959,59.59050440843338,59.0,69.0,128.0,1.3409090909090908,2.909090909090909,2.909090909090909,59.0,59.0,1.0,1.0
146,Original baseline,"4,6,16,20,21,27,28,31,37,40,44,45","4,6,40,31,28,16",Athina--Palermo | Athina--Smyrna | Athina--Sofia | Berlin--Danzic | Bucuresti--Kyiv | Bucuresti--Sevastopol | Bucuresti--Sofia | Danzic--Riga | Kyiv--Smolensk | Kyiv--Wilno | Moskva--Smolensk | Riga--Wilno | Sarajevo--Sofia,40.0,6.0,12.0,6.0,0.5,132.0,70.0,0.4696969696969697,62.0,62.0,62.0,124.0,1.55,3.1,3.1,61.0,57.0,0.9838709677419355,0.9193548387096774
146,Learned revised,"4,6,16,20,21,27,28,31,37,40,44,45","21,27,20,37,40,6",Amsterdam--Bruxelles | Athina--Brindisi | Barcelona--Pamplona | Brindisi--Palermo | Brindisi--Roma | Bruxelles--Frankfurt | Bruxelles--Paris | Budapest--Kyiv | Budapest--Zagrab | Frankfurt--Munchen | Kyiv--Smolensk | Kyiv--Wilno | Moskva--Smolensk | Munchen--Venezia | Pamplona--Paris | Roma--Venezia | Venezia--Zagrab,43.0,6.0,12.0,6.0,0.5,132.0,73.0,0.44696969696969696,59.504176673577945,59.0,60.0,119.0,1.372093023255814,2.7674418604651163,2.7674418604651163,53.0,44.0,0.8983050847457628,0.7457627118644068
147,Original baseline,"0,2,3,22,23,26,28,29,36,39,40,42","23,3,22,42,26",Amsterdam--Bruxelles | Amsterdam--Essen | Amsterdam--London | Barcelona--Madrid | Barcelona--Marseille | Berlin--Essen | Berlin--Warzawa | Brest--Paris | Bruxelles--Paris | Danzic--Warzawa | Kharkov--Moskva | Kharkov--Rostov | Kyiv--Warzawa | Lisboa--Madrid | Marseille--Paris | Moskva--Smolensk,44.0,5.0,12.0,7.0,0.4166666666666667,120.0,68.0,0.43333333333333335,52.0,52.0,62.0,114.0,1.1818181818181819,2.590909090909091,2.590909090909091,52.0,52.0,1.0,1.0
147,Learned revised,"0,2,3,22,23,26,28,29,36,39,40,42","23,3,22,42,29",Amsterdam--Bruxelles | Amsterdam--Essen | Amsterdam--London | Barcelona--Madrid | Barcelona--Marseille | Berlin--Essen | Berlin--Warzawa | Brest--Paris | Bruxelles--Paris | Danzic--Warzawa | Kharkov--Kyiv | Kharkov--Rostov | Kyiv--Warzawa | Lisboa--Madrid | Marseille--Paris | Rostov--Sochi,44.0,5.0,12.0,7.0,0.4166666666666667,120.0,68.0,0.43333333333333335,52.36829604797055,52.0,62.0,114.0,1.1818181818181819,2.590909090909091,2.590909090909091,52.0,52.0,1.0,1.0
148,Original baseline,"2,6,11,12,15,17,20,23,25,30,41,45","23,17,15,11,25,41,12,20,30",Amsterdam--Bruxelles | Amsterdam--Essen | Angora--Smyrna | Athina--Smyrna | Barcelona--Madrid | Barcelona--Marseille | Berlin--Danzic | Berlin--Essen | Berlin--Wien | Brest--Paris | Bruxelles--Paris | Danzic--Riga | Dieppe--Paris | Marseille--Paris | Marseille--Zurich | Petrograd--Riga | Wien--Zagrab,44.0,9.0,12.0,3.0,0.75,121.0,42.0,0.6528925619834711,79.0,79.0,59.0,138.0,1.7954545454545454,3.1363636363636362,3.1363636363636362,78.0,74.0,0.9873417721518988,0.9367088607594937
148,Learned revised,"2,6,11,12,15,17,20,23,25,30,41,45","23,17,15,11,25,41,12,20,30",Amsterdam--Bruxelles | Amsterdam--Essen | Angora--Smyrna | Athina--Smyrna | Barcelona--Madrid | Barcelona--Marseille | Berlin--Danzic | Berlin--Essen | Berlin--Wien | Brest--Paris | Bruxelles--Paris | Danzic--Riga | Dieppe--Paris | Marseille--Paris | Marseille--Zurich | Petrograd--Riga | Wien--Zagrab,44.0,9.0,12.0,3.0,0.75,121.0,42.0,0.6528925619834711,78.58052272508225,79.0,59.0,138.0,1.7954545454545454,3.1363636363636362,3.1363636363636362,78.0,74.0,0.9873417721518988,0.9367088607594937
149,Original baseline,"5,9,12,15,16,18,23,24,26,30,40,41","23,15,24,16,9,12,18",Barcelona--Madrid | Barcelona--Marseille | Berlin--Frankfurt | Berlin--Wien | Brest--Paris | Bucuresti--Budapest | Bucuresti--Kyiv | Budapest--Wien | Dieppe--London | Dieppe--Paris | Edinburgh--London | Frankfurt--Paris | Kyiv--Smolensk | Marseille--Paris | Marseille--Roma,45.0,7.0,12.0,5.0,0.5833333333333334,123.0,63.0,0.4878048780487805,60.0,60.0,68.0,128.0,1.3333333333333333,2.8444444444444446,2.8444444444444446,54.0,30.0,0.9,0.5
149,Learned revised,"5,9,12,15,16,18,23,24,26,30,40,41","23,15,24,16,18,12,30",Angora--Smyrna | Athina--Smyrna | Barcelona--Madrid | Barcelona--Marseille | Berlin--Wien | Brest--Paris | Bucuresti--Budapest | Budapest--Wien | Dieppe--London | Dieppe--Paris | Edinburgh--London | Marseille--Paris | Marseille--Zurich | Roma--Venezia | Venezia--Zagrab | Venezia--Zurich | Wien--Zagrab,43.0,7.0,12.0,5.0,0.5833333333333334,123.0,71.0,0.42276422764227645,52.075292571222846,52.0,58.0,110.0,1.2093023255813953,2.558139534883721,2.558139534883721,51.0,47.0,0.9807692307692307,0.9038461538461539
150,Original baseline,"0,4,8,12,14,27,28,34,38,40,43,44","14,0,40,38,4,8",Athina--Palermo | Athina--Smyrna | Berlin--Danzic | Bucuresti--Constantinople | Bucuresti--Kyiv | Constantinople--Smyrna | Danzic--Riga | Kyiv--Smolensk | Moskva--Petrograd | Moskva--Smolensk | Palermo--Roma | Petrograd--Riga | Roma--Venezia,42.0,6.0,12.0,6.0,0.5,137.0,71.0,0.48175182481751827,66.0,66.0,67.0,133.0,1.5714285714285714,3.1666666666666665,3.1666666666666665,58.4,28.0,0.8848484848484848,0.42424242424242425
150,Learned revised,"0,4,8,12,14,27,28,34,38,40,43,44","38,4,40,14,8,0",Athina--Palermo | Athina--Sofia | Berlin--Danzic | Bucuresti--Kyiv | Bucuresti--Sofia | Constantinople--Sofia | Danzic--Riga | Kyiv--Wilno | Moskva--Petrograd | Palermo--Roma | Petrograd--Wilno | Riga--Wilno | Roma--Venezia,44.0,6.0,12.0,6.0,0.5,137.0,71.0,0.48175182481751827,66.01232926973947,66.0,72.0,138.0,1.5,3.1363636363636362,3.1363636363636362,66.0,66.0,1.0,1.0
151,Original baseline,"2,6,12,14,17,18,20,24,25,33,43,44","14,6,2,24,43,20",Angora--Constantinople | Athina--Palermo | Athina--Smyrna | Bucuresti--Constantinople | Bucuresti--Kyiv | Constantinople--Smyrna | Dieppe--London | Dieppe--Paris | Edinburgh--London | Kharkov--Kyiv | Kyiv--Wilno | Palermo--Roma | Paris--Zurich | Roma--Venezia | Venezia--Zagrab | Venezia--Zurich,45.0,6.0,12.0,6.0,0.5,123.0,59.0,0.5203252032520326,64.0,64.0,68.0,132.0,1.4222222222222223,2.933333333333333,2.933333333333333,60.2,45.0,0.940625,0.703125
151,Learned revised,"2,6,12,14,17,18,20,24,25,33,43,44","14,6,2,33,24,17",Angora--Constantinople | Athina--Palermo | Athina--Smyrna | Barcelona--Pamplona | Bruxelles--Paris | Bucuresti--Constantinople | Bucuresti--Kyiv | Budapest--Sarajevo | Constantinople--Smyrna | Dieppe--London | Dieppe--Paris | Edinburgh--London | Kharkov--Kyiv | Kyiv--Wilno | Pamplona--Paris | Sarajevo--Sofia,45.0,6.0,12.0,6.0,0.5,123.0,74.0,0.3983739837398374,48.88391769616651,49.0,68.0,117.0,1.0888888888888888,2.6,2.6,43.6,30.0,0.889795918367347,0.6122448979591837
152,Original baseline,"1,5,8,11,12,14,15,25,26,27,35,45","14,15,11,27,12,1,25,5",Athina--Palermo | Athina--Smyrna | Barcelona--Pamplona | Constantinople--Smyrna | Dieppe--London | Dieppe--Paris | Essen--Frankfurt | Essen--Khobenhaven | Frankfurt--Munchen | Khobenhaven--Stockholm | Madrid--Pamplona | Marseille--Zurich | Munchen--Wien | Munchen--Zurich | Pamplona--Paris | Paris--Zurich,42.0,8.0,12.0,4.0,0.6666666666666666,115.0,47.0,0.591304347826087,68.0,68.0,59.0,127.0,1.619047619047619,3.0238095238095237,3.0238095238095237,58.0,44.0,0.8529411764705882,0.6470588235294118
152,Learned revised,"1,5,8,11,12,14,15,25,26,27,35,45","14,15,11,27,12,1,35,8",Athina--Palermo | Athina--Smyrna | Barcelona--Pamplona | Berlin--Warzawa | Constantinople--Smyrna | Dieppe--London | Dieppe--Paris | Madrid--Pamplona | Moskva--Smolensk | Munchen--Wien | Munchen--Zurich | Pamplona--Paris | Paris--Zurich | Smolensk--Wilno | Warzawa--Wilno,42.0,8.0,12.0,4.0,0.6666666666666666,115.0,47.0,0.591304347826087,67.87655905458686,68.0,62.0,130.0,1.619047619047619,3.0952380952380953,3.0952380952380953,61.6,44.0,0.9058823529411765,0.6470588235294118
153,Original baseline,"0,7,9,10,11,13,18,28,29,30,31,36","30,31,10,0,36,28,13,18,11",Angora--Smyrna | Athina--Brindisi | Athina--Smyrna | Athina--Sofia | Berlin--Frankfurt | Brest--Paris | Brindisi--Roma | Constantinople--Sevastopol | Constantinople--Smyrna | Frankfurt--Paris | Madrid--Pamplona | Pamplona--Paris | Paris--Zurich | Roma--Venezia | Sarajevo--Sofia | Venezia--Zurich,45.0,9.0,12.0,3.0,0.75,100.0,33.0,0.67,67.0,67.0,61.0,128.0,1.488888888888889,2.8444444444444446,2.8444444444444446,56.4,31.0,0.8417910447761194,0.4626865671641791
153,Learned revised,"0,7,9,10,11,13,18,28,29,30,31,36","31,30,10,0,36,28,13,18,11",Angora--Smyrna | Athina--Brindisi | Athina--Smyrna | Athina--Sofia | Berlin--Frankfurt | Brest--Paris | Brindisi--Roma | Constantinople--Sevastopol | Constantinople--Smyrna | Frankfurt--Paris | Madrid--Pamplona | Pamplona--Paris | Paris--Zurich | Roma--Venezia | Sarajevo--Sofia | Venezia--Zurich,45.0,9.0,12.0,3.0,0.75,100.0,33.0,0.67,66.30160228455767,67.0,61.0,128.0,1.488888888888889,2.8444444444444446,2.8444444444444446,56.4,31.0,0.8417910447761194,0.4626865671641791
154,Original baseline,"3,6,18,20,27,28,29,30,41,42,44,45","3,45,29,41,20",Amsterdam--Bruxelles | Amsterdam--Essen | Berlin--Essen | Berlin--Warzawa | Berlin--Wien | Brest--Dieppe | Bruxelles--Dieppe | Dieppe--Paris | Erzurum--Sochi | Essen--Khobenhaven | Kharkov--Kyiv | Kharkov--Rostov | Kyiv--Warzawa | Kyiv--Wilno | Petrograd--Wilno | Rostov--Sochi | Wien--Zagrab,44.0,5.0,12.0,7.0,0.4166666666666667,148.0,82.0,0.44594594594594594,66.0,66.0,60.0,126.0,1.5,2.8636363636363638,2.8636363636363638,66.0,66.0,1.0,1.0
154,Learned revised,"3,6,18,20,27,28,29,30,41,42,44,45","3,45,29,41,20",Amsterdam--Bruxelles | Amsterdam--Essen | Berlin--Essen | Berlin--Warzawa | Berlin--Wien | Brest--Dieppe | Bruxelles--Dieppe | Dieppe--Paris | Erzurum--Sochi | Essen--Khobenhaven | Kharkov--Kyiv | Kharkov--Rostov | Kyiv--Warzawa | Kyiv--Wilno | Petrograd--Wilno | Rostov--Sochi | Wien--Zagrab,44.0,5.0,12.0,7.0,0.4166666666666667,148.0,82.0,0.44594594594594594,66.68634093787463,66.0,60.0,126.0,1.5,2.8636363636363638,2.8636363636363638,66.0,66.0,1.0,1.0
155,Original baseline,"4,13,16,18,19,25,30,31,38,39,42,44","38,4,16,19,42,25",Berlin--Danzic | Berlin--Frankfurt | Bruxelles--Frankfurt | Bruxelles--Paris | Bucuresti--Kyiv | Danzic--Riga | Essen--Frankfurt | Kyiv--Wilno | Lisboa--Madrid | Madrid--Pamplona | Marseille--Paris | Pamplona--Paris | Petrograd--Wilno | Riga--Wilno,43.0,6.0,12.0,6.0,0.5,115.0,54.0,0.5304347826086957,61.0,61.0,63.0,124.0,1.4186046511627908,2.883720930232558,2.883720930232558,51.2,32.0,0.839344262295082,0.5245901639344263
155,Learned revised,"4,13,16,18,19,25,30,31,38,39,42,44","38,4,16,19,42,25",Berlin--Danzic | Berlin--Frankfurt | Bruxelles--Frankfurt | Bruxelles--Paris | Bucuresti--Kyiv | Danzic--Riga | Essen--Frankfurt | Kyiv--Wilno | Lisboa--Madrid | Madrid--Pamplona | Marseille--Paris | Pamplona--Paris | Petrograd--Wilno | Riga--Wilno,43.0,6.0,12.0,6.0,0.5,115.0,54.0,0.5304347826086957,61.37331852267104,61.0,63.0,124.0,1.4186046511627908,2.883720930232558,2.883720930232558,51.2,32.0,0.839344262295082,0.5245901639344263
156,Original baseline,"2,3,12,13,14,15,17,22,25,28,30,37","14,30,2,28,3,22",Amsterdam--Essen | Amsterdam--London | Angora--Constantinople | Athina--Palermo | Athina--Sarajevo | Athina--Smyrna | Berlin--Essen | Berlin--Warzawa | Constantinople--Sevastopol | Constantinople--Smyrna | Kharkov--Rostov | Kyiv--Warzawa | Rostov--Sevastopol,41.0,6.0,12.0,6.0,0.5,94.0,46.0,0.5106382978723404,48.0,48.0,66.0,114.0,1.170731707317073,2.7804878048780486,2.7804878048780486,43.8,27.0,0.9125,0.5625
156,Learned revised,"2,3,12,13,14,15,17,22,25,28,30,37","14,30,2,28,37,3",Angora--Constantinople | Athina--Palermo | Athina--Sarajevo | Athina--Smyrna | Berlin--Essen | Berlin--Warzawa | Brindisi--Palermo | Constantinople--Sevastopol | Constantinople--Smyrna | Kharkov--Rostov | Kyiv--Warzawa | Rostov--Sevastopol | Sarajevo--Zagrab,42.0,6.0,12.0,6.0,0.5,94.0,47.0,0.5,46.27551445682318,47.0,68.0,115.0,1.119047619047619,2.738095238095238,2.738095238095238,42.8,26.0,0.9106382978723404,0.5531914893617021
157,Original baseline,"3,11,12,18,19,21,25,32,35,36,44,45","3,35,45,32,19,12,25",Berlin--Essen | Berlin--Warzawa | Berlin--Wien | Bruxelles--Frankfurt | Bruxelles--Paris | Danzic--Warzawa | Erzurum--Sochi | Essen--Frankfurt | Essen--Khobenhaven | Kharkov--Kyiv | Kharkov--Rostov | Kyiv--Smolensk | Kyiv--Warzawa | Marseille--Paris | Rostov--Sochi,42.0,7.0,12.0,5.0,0.5833333333333334,118.0,51.0,0.5677966101694916,67.0,67.0,58.0,125.0,1.5952380952380953,2.9761904761904763,2.9761904761904763,67.0,67.0,1.0,1.0
157,Learned revised,"3,11,12,18,19,21,25,32,35,36,44,45","21,25,18,19,12,3,35,11,36",Amsterdam--Bruxelles | Amsterdam--Essen | Berlin--Danzic | Berlin--Essen | Berlin--Wien | Brindisi--Roma | Bruxelles--Paris | Danzic--Warzawa | Kyiv--Smolensk | Kyiv--Warzawa | Madrid--Pamplona | Marseille--Paris | Marseille--Roma | Marseille--Zurich | Pamplona--Paris,42.0,9.0,12.0,3.0,0.75,118.0,47.0,0.6016949152542372,73.1456301048111,71.0,59.0,130.0,1.6904761904761905,3.0952380952380953,3.0952380952380953,68.0,56.0,0.9577464788732394,0.7887323943661971
158,Original baseline,"4,11,15,23,25,28,29,32,37,40,42,45","23,25,32,42,15,11,4",Barcelona--Madrid | Barcelona--Marseille | Berlin--Danzic | Berlin--Essen | Brest--Paris | Bucuresti--Kyiv | Dieppe--Paris | Essen--Frankfurt | Essen--Khobenhaven | Frankfurt--Paris | Kyiv--Wilno | Lisboa--Madrid | Marseille--Paris | Marseille--Zurich | Riga--Wilno,42.0,7.0,12.0,5.0,0.5833333333333334,129.0,63.0,0.5116279069767442,66.0,66.0,59.0,125.0,1.5714285714285714,2.9761904761904763,2.9761904761904763,66.0,66.0,1.0,1.0
158,Learned revised,"4,11,15,23,25,28,29,32,37,40,42,45","23,25,32,15,42,11,4",Barcelona--Madrid | Barcelona--Marseille | Berlin--Danzic | Berlin--Essen | Brest--Paris | Bucuresti--Kyiv | Dieppe--Paris | Essen--Frankfurt | Essen--Khobenhaven | Frankfurt--Paris | Kyiv--Wilno | Lisboa--Madrid | Marseille--Paris | Marseille--Zurich | Riga--Wilno,42.0,7.0,12.0,5.0,0.5833333333333334,129.0,63.0,0.5116279069767442,64.62859282804851,66.0,59.0,125.0,1.5714285714285714,2.9761904761904763,2.9761904761904763,66.0,66.0,1.0,1.0
159,Original baseline,"0,9,11,20,23,24,26,27,28,33,36,45","23,24,33,28,45,0",Berlin--Essen | Berlin--Wien | Brest--Paris | Bucuresti--Sevastopol | Bucuresti--Sofia | Budapest--Sarajevo | Budapest--Wien | Budapest--Zagrab | Constantinople--Sofia | Dieppe--London | Dieppe--Paris | Edinburgh--London | Erzurum--Sevastopol | Essen--Khobenhaven | Marseille--Paris | Sarajevo--Sofia | Venezia--Zagrab,45.0,6.0,12.0,6.0,0.5,108.0,50.0,0.5370370370370371,58.0,58.0,62.0,120.0,1.288888888888889,2.6666666666666665,2.6666666666666665,58.0,58.0,1.0,1.0
159,Learned revised,"0,9,11,20,23,24,26,27,28,33,36,45","23,24,33,28,45,0",Berlin--Essen | Berlin--Wien | Brest--Paris | Bucuresti--Sevastopol | Bucuresti--Sofia | Budapest--Sarajevo | Budapest--Wien | Budapest--Zagrab | Constantinople--Sofia | Dieppe--London | Dieppe--Paris | Edinburgh--London | Erzurum--Sevastopol | Essen--Khobenhaven | Marseille--Paris | Sarajevo--Sofia | Venezia--Zagrab,45.0,6.0,12.0,6.0,0.5,108.0,50.0,0.5370370370370371,57.76374287242727,58.0,62.0,120.0,1.288888888888889,2.6666666666666665,2.6666666666666665,58.0,58.0,1.0,1.0
160,Original baseline,"12,13,14,18,19,22,23,24,28,32,43,44","14,23,13,43,24,12,18,22",Athina--Palermo | Athina--Smyrna | Berlin--Wien | Brest--Paris | Constantinople--Smyrna | Dieppe--London | Dieppe--Paris | Edinburgh--London | Marseille--Paris | Marseille--Zurich | Palermo--Roma | Roma--Venezia | Venezia--Zagrab | Venezia--Zurich | Wien--Zagrab,41.0,8.0,12.0,4.0,0.6666666666666666,118.0,43.0,0.635593220338983,75.0,75.0,61.0,136.0,1.829268292682927,3.317073170731707,3.317073170731707,73.4,67.0,0.9786666666666668,0.8933333333333333
160,Learned revised,"12,13,14,18,19,22,23,24,28,32,43,44","14,23,13,12,18,43,22,24",Athina--Palermo | Athina--Smyrna | Berlin--Wien | Brest--Paris | Constantinople--Smyrna | Dieppe--London | Dieppe--Paris | Edinburgh--London | Marseille--Paris | Marseille--Zurich | Palermo--Roma | Roma--Venezia | Venezia--Zagrab | Venezia--Zurich | Wien--Zagrab,41.0,8.0,12.0,4.0,0.6666666666666666,118.0,43.0,0.635593220338983,75.69118213024244,75.0,61.0,136.0,1.829268292682927,3.317073170731707,3.317073170731707,73.4,67.0,0.9786666666666668,0.8933333333333333
161,Original baseline,"3,7,8,9,11,12,16,17,24,26,42,45","3,9,8,7,16,45,26",Amsterdam--Frankfurt | Berlin--Essen | Berlin--Warzawa | Bucuresti--Kyiv | Bucuresti--Sevastopol | Erzurum--Sevastopol | Essen--Frankfurt | Essen--Khobenhaven | Kyiv--Smolensk | Kyiv--Warzawa | Kyiv--Wilno | Moskva--Smolensk | Rostov--Sevastopol,40.0,7.0,12.0,5.0,0.5833333333333334,135.0,51.0,0.6222222222222222,84.0,84.0,60.0,144.0,2.1,3.6,3.6,81.6,72.0,0.9714285714285713,0.8571428571428571
161,Learned revised,"3,7,8,9,11,12,16,17,24,26,42,45","24,16,45,3,9,8,7,12",Amsterdam--Frankfurt | Amsterdam--London | Berlin--Essen | Berlin--Wien | Bucuresti--Budapest | Bucuresti--Kyiv | Bucuresti--Sevastopol | Budapest--Wien | Dieppe--London | Dieppe--Paris | Edinburgh--London | Erzurum--Sevastopol | Essen--Frankfurt | Essen--Khobenhaven | Kyiv--Smolensk | Kyiv--Wilno | Moskva--Smolensk,45.0,8.0,12.0,4.0,0.6666666666666666,135.0,44.0,0.674074074074074,92.01739502813365,91.0,63.0,154.0,2.022222222222222,3.422222222222222,3.422222222222222,87.0,71.0,0.9560439560439561,0.7802197802197802
162,Original baseline,"0,6,9,11,14,17,18,22,34,35,37,39","14,0,37,18,6,9,35,39,22",Amsterdam--Frankfurt | Amsterdam--London | Athina--Palermo | Athina--Smyrna | Berlin--Frankfurt | Berlin--Wien | Brindisi--Roma | Budapest--Wien | Constantinople--Smyrna | Palermo--Roma | Roma--Venezia | Smolensk--Wilno | Venezia--Zagrab | Venezia--Zurich | Warzawa--Wien | Warzawa--Wilno | Wien--Zagrab,45.0,9.0,12.0,3.0,0.75,97.0,21.0,0.7835051546391752,76.0,76.0,64.0,140.0,1.6888888888888889,3.111111111111111,3.111111111111111,67.0,56.0,0.881578947368421,0.7368421052631579
162,Learned revised,"0,6,9,11,14,17,18,22,34,35,37,39","14,0,37,18,6,9,35,39,22",Amsterdam--Frankfurt | Amsterdam--London | Athina--Palermo | Athina--Smyrna | Berlin--Frankfurt | Berlin--Wien | Brindisi--Roma | Budapest--Wien | Constantinople--Smyrna | Palermo--Roma | Roma--Venezia | Smolensk--Wilno | Venezia--Zagrab | Venezia--Zurich | Warzawa--Wien | Warzawa--Wilno | Wien--Zagrab,45.0,9.0,12.0,3.0,0.75,97.0,21.0,0.7835051546391752,77.45493742319383,76.0,64.0,140.0,1.6888888888888889,3.111111111111111,3.111111111111111,67.0,56.0,0.881578947368421,0.7368421052631579
163,Original baseline,"0,2,3,12,18,21,24,26,30,40,41,44","3,41,21,12,44",Amsterdam--Bruxelles | Amsterdam--Essen | Berlin--Essen | Berlin--Warzawa | Berlin--Wien | Brest--Dieppe | Brest--Pamplona | Bruxelles--Dieppe | Cadiz--Madrid | Dieppe--Paris | Essen--Khobenhaven | Khobenhaven--Stockholm | Kyiv--Warzawa | Kyiv--Wilno | Madrid--Pamplona | Petrograd--Wilno,44.0,5.0,12.0,7.0,0.4166666666666667,135.0,69.0,0.4888888888888889,66.0,66.0,62.0,128.0,1.5,2.909090909090909,2.909090909090909,66.0,66.0,1.0,1.0
163,Learned revised,"0,2,3,12,18,21,24,26,30,40,41,44","21,24,3,41,12,18",Amsterdam--Bruxelles | Amsterdam--Essen | Amsterdam--London | Berlin--Essen | Berlin--Warzawa | Berlin--Wien | Brest--Paris | Bruxelles--Paris | Edinburgh--London | Kyiv--Warzawa | Kyiv--Wilno | Pamplona--Paris | Petrograd--Wilno | Roma--Venezia | Venezia--Zagrab | Wien--Zagrab,44.0,6.0,12.0,6.0,0.5,135.0,74.0,0.45185185185185184,62.884979003935186,61.0,62.0,123.0,1.3863636363636365,2.7954545454545454,2.7954545454545454,59.6,54.0,0.9770491803278689,0.8852459016393442
164,Original baseline,"4,5,6,11,14,16,17,25,31,35,40,44","14,40,6,4,31,35,16,11",Athina--Palermo | Athina--Smyrna | Barcelona--Madrid | Barcelona--Marseille | Berlin--Warzawa | Bucuresti--Constantinople | Bucuresti--Kyiv | Bucuresti--Sofia | Constantinople--Smyrna | Kyiv--Smolensk | Kyiv--Wilno | Marseille--Zurich | Moskva--Smolensk | Riga--Wilno | Warzawa--Wilno,45.0,8.0,12.0,4.0,0.6666666666666666,123.0,47.0,0.6178861788617886,76.0,76.0,69.0,145.0,1.6888888888888889,3.2222222222222223,3.2222222222222223,68.2,37.0,0.8973684210526316,0.4868421052631579
164,Learned revised,"4,5,6,11,14,16,17,25,31,35,40,44","14,40,6,4,35,16,31,11",Athina--Palermo | Athina--Smyrna | Barcelona--Madrid | Barcelona--Marseille | Berlin--Warzawa | Bucuresti--Constantinople | Bucuresti--Kyiv | Bucuresti--Sofia | Constantinople--Smyrna | Kyiv--Smolensk | Kyiv--Wilno | Marseille--Zurich | Moskva--Smolensk | Riga--Wilno | Warzawa--Wilno,45.0,8.0,12.0,4.0,0.6666666666666666,123.0,47.0,0.6178861788617886,75.55922267626026,76.0,69.0,145.0,1.6888888888888889,3.2222222222222223,3.2222222222222223,68.2,37.0,0.8973684210526316,0.4868421052631579
165,Original baseline,"2,5,6,11,17,19,22,25,27,28,35,38","38,6,28,2,35,11",Angora--Constantinople | Athina--Sofia | Barcelona--Madrid | Barcelona--Marseille | Bucuresti--Constantinople | Bucuresti--Kyiv | Bucuresti--Sevastopol | Bucuresti--Sofia | Kharkov--Kyiv | Kyiv--Wilno | Marseille--Zurich | Petrograd--Wilno | Sarajevo--Sofia | Smolensk--Wilno | Warzawa--Wilno,44.0,6.0,12.0,6.0,0.5,99.0,50.0,0.494949494949495,49.0,49.0,63.0,112.0,1.1136363636363635,2.5454545454545454,2.5454545454545454,49.0,49.0,1.0,1.0
165,Learned revised,"2,5,6,11,17,19,22,25,27,28,35,38","38,6,28,2,35,17",Angora--Constantinople | Athina--Sofia | Barcelona--Pamplona | Bruxelles--Paris | Bucuresti--Constantinople | Bucuresti--Kyiv | Bucuresti--Sevastopol | Bucuresti--Sofia | Kharkov--Kyiv | Kyiv--Wilno | Pamplona--Paris | Petrograd--Wilno | Sarajevo--Sofia | Smolensk--Wilno | Warzawa--Wilno,44.0,6.0,12.0,6.0,0.5,99.0,50.0,0.494949494949495,49.12921307720829,49.0,63.0,112.0,1.1136363636363635,2.5454545454545454,2.5454545454545454,47.4,41.0,0.9673469387755101,0.8367346938775511
166,Original baseline,"1,4,10,15,17,20,21,22,33,35,41,45","4,15,21,17,35,41",Amsterdam--Bruxelles | Barcelona--Pamplona | Berlin--Frankfurt | Berlin--Warzawa | Brest--Dieppe | Bruxelles--Frankfurt | Bruxelles--Paris | Bucuresti--Kyiv | Dieppe--Paris | Kyiv--Wilno | Madrid--Pamplona | Pamplona--Paris | Petrograd--Wilno | Riga--Wilno | Smolensk--Wilno | Warzawa--Wilno,44.0,6.0,12.0,6.0,0.5,117.0,58.0,0.5042735042735043,59.0,59.0,63.0,122.0,1.3409090909090908,2.772727272727273,2.772727272727273,50.4,36.0,0.8542372881355932,0.6101694915254238
166,Learned revised,"1,4,10,15,17,20,21,22,33,35,41,45","21,17,15,35,41,22,1,20,33",Amsterdam--Bruxelles | Amsterdam--London | Barcelona--Madrid | Barcelona--Pamplona | Berlin--Frankfurt | Berlin--Warzawa | Berlin--Wien | Brest--Dieppe | Bruxelles--Frankfurt | Bruxelles--Paris | Budapest--Sarajevo | Dieppe--Paris | Pamplona--Paris | Petrograd--Wilno | Sarajevo--Sofia | Smolensk--Wilno | Warzawa--Wilno | Wien--Zagrab,45.0,9.0,12.0,3.0,0.75,117.0,39.0,0.6666666666666666,78.5759191682938,78.0,59.0,137.0,1.7333333333333334,3.0444444444444443,3.0444444444444443,64.6,34.0,0.8282051282051281,0.4358974358974359
167,Original baseline,"0,3,5,25,28,30,31,33,37,38,42,44","38,3,30,31,33,28,0,37",Angora--Smyrna | Athina--Brindisi | Athina--Smyrna | Athina--Sofia | Berlin--Essen | Berlin--Warzawa | Bucuresti--Sevastopol | Bucuresti--Sofia | Budapest--Sarajevo | Budapest--Zagrab | Constantinople--Smyrna | Kyiv--Wilno | Petrograd--Wilno | Sarajevo--Sofia | Venezia--Zagrab | Warzawa--Wilno,44.0,8.0,12.0,4.0,0.6666666666666666,114.0,59.0,0.4824561403508772,55.0,55.0,60.0,115.0,1.25,2.6136363636363638,2.6136363636363638,51.0,35.0,0.9272727272727272,0.6363636363636364
167,Learned revised,"0,3,5,25,28,30,31,33,37,38,42,44","38,3,33,28,0,31,37,30",Angora--Constantinople | Athina--Smyrna | Berlin--Essen | Berlin--Warzawa | Brindisi--Roma | Bucuresti--Sevastopol | Bucuresti--Sofia | Budapest--Sarajevo | Budapest--Zagrab | Constantinople--Smyrna | Constantinople--Sofia | Kyiv--Wilno | Petrograd--Wilno | Roma--Venezia | Sarajevo--Sofia | Venezia--Zagrab | Warzawa--Wilno,43.0,8.0,12.0,4.0,0.6666666666666666,114.0,59.0,0.4824561403508772,54.16423976760598,55.0,55.0,110.0,1.2790697674418605,2.558139534883721,2.558139534883721,54.0,50.0,0.9818181818181818,0.9090909090909091
168,Original baseline,"2,6,8,15,19,21,29,31,33,41,44,45","15,21,44,41,8,19",Amsterdam--Bruxelles | Amsterdam--Essen | Berlin--Danzic | Berlin--Essen | Brest--Dieppe | Bruxelles--Paris | Cadiz--Madrid | Dieppe--Paris | Essen--Khobenhaven | Khobenhaven--Stockholm | Madrid--Pamplona | Moskva--Petrograd | Pamplona--Paris | Petrograd--Stockholm,42.0,6.0,12.0,6.0,0.5,137.0,60.0,0.5620437956204379,77.0,77.0,67.0,144.0,1.8333333333333333,3.4285714285714284,3.4285714285714284,69.8,41.0,0.9064935064935065,0.5324675324675324
168,Learned revised,"2,6,8,15,19,21,29,31,33,41,44,45","21,15,44,41,8,19",Amsterdam--Bruxelles | Amsterdam--Essen | Berlin--Danzic | Berlin--Essen | Brest--Dieppe | Bruxelles--Paris | Cadiz--Madrid | Dieppe--Paris | Essen--Khobenhaven | Khobenhaven--Stockholm | Madrid--Pamplona | Moskva--Petrograd | Pamplona--Paris | Petrograd--Stockholm,42.0,6.0,12.0,6.0,0.5,137.0,60.0,0.5620437956204379,78.26495187188591,77.0,67.0,144.0,1.8333333333333333,3.4285714285714284,3.4285714285714284,69.8,41.0,0.9064935064935065,0.5324675324675324
169,Original baseline,"5,7,13,14,18,20,26,29,36,37,40,41","14,40,26,29,13,20,36,37",Athina--Palermo | Athina--Smyrna | Brest--Paris | Brindisi--Roma | Bucuresti--Constantinople | Bucuresti--Kyiv | Constantinople--Smyrna | Kharkov--Kyiv | Kharkov--Rostov | Kyiv--Smolensk | Moskva--Smolensk | Paris--Zurich | Roma--Venezia | Rostov--Sochi | Venezia--Zagrab | Venezia--Zurich,44.0,8.0,12.0,4.0,0.6666666666666666,122.0,51.0,0.5819672131147541,71.0,71.0,63.0,134.0,1.6136363636363635,3.0454545454545454,3.0454545454545454,65.4,43.0,0.9211267605633804,0.6056338028169014
169,Learned revised,"5,7,13,14,18,20,26,29,36,37,40,41","14,40,29,26,36,37,20,13",Athina--Palermo | Athina--Smyrna | Brest--Paris | Brindisi--Roma | Bucuresti--Constantinople | Bucuresti--Kyiv | Bucuresti--Sevastopol | Constantinople--Smyrna | Kyiv--Smolensk | Moskva--Smolensk | Paris--Zurich | Roma--Venezia | Rostov--Sochi | Sevastopol--Sochi | Venezia--Zagrab | Venezia--Zurich,44.0,8.0,12.0,4.0,0.6666666666666666,122.0,51.0,0.5819672131147541,71.23289727985002,71.0,63.0,134.0,1.6136363636363635,3.0454545454545454,3.0454545454545454,65.4,43.0,0.9211267605633804,0.6056338028169014
170,Original baseline,"4,9,11,13,16,19,20,21,23,28,35,36","23,13,20,11,36,21,9,35",Amsterdam--Bruxelles | Barcelona--Madrid | Barcelona--Marseille | Barcelona--Pamplona | Brest--Paris | Brindisi--Roma | Bruxelles--Frankfurt | Bruxelles--Paris | Budapest--Kyiv | Budapest--Zagrab | Kyiv--Smolensk | Kyiv--Warzawa | Marseille--Paris | Marseille--Zurich | Roma--Venezia | Venezia--Zagrab | Venezia--Zurich,45.0,8.0,12.0,4.0,0.6666666666666666,97.0,35.0,0.6391752577319587,62.0,62.0,65.0,127.0,1.3777777777777778,2.8222222222222224,2.8222222222222224,62.0,62.0,1.0,1.0
170,Learned revised,"4,9,11,13,16,19,20,21,23,28,35,36","23,13,20,11,36,21,9,35",Amsterdam--Bruxelles | Barcelona--Madrid | Barcelona--Marseille | Barcelona--Pamplona | Brest--Paris | Brindisi--Roma | Bruxelles--Frankfurt | Bruxelles--Paris | Budapest--Kyiv | Budapest--Zagrab | Kyiv--Smolensk | Kyiv--Warzawa | Marseille--Paris | Marseille--Zurich | Roma--Venezia | Venezia--Zagrab | Venezia--Zurich,45.0,8.0,12.0,4.0,0.6666666666666666,97.0,35.0,0.6391752577319587,62.89685400484861,62.0,65.0,127.0,1.3777777777777778,2.8222222222222224,2.8222222222222224,62.0,62.0,1.0,1.0
171,Original baseline,"4,8,10,14,18,26,27,32,35,37,40,43","14,10,40,8,18,35,43",Amsterdam--Frankfurt | Amsterdam--London | Athina--Palermo | Athina--Smyrna | Berlin--Frankfurt | Berlin--Warzawa | Bucuresti--Constantinople | Bucuresti--Kyiv | Constantinople--Smyrna | Edinburgh--London | Kyiv--Smolensk | Kyiv--Warzawa | Moskva--Smolensk | Palermo--Roma,45.0,7.0,12.0,5.0,0.5833333333333334,121.0,37.0,0.6942148760330579,84.0,84.0,72.0,156.0,1.8666666666666667,3.466666666666667,3.466666666666667,62.4,18.0,0.7428571428571429,0.21428571428571427
171,Learned revised,"4,8,10,14,18,26,27,32,35,37,40,43","14,10,40,8,18,35,43",Amsterdam--Frankfurt | Amsterdam--London | Athina--Palermo | Athina--Smyrna | Berlin--Frankfurt | Berlin--Warzawa | Bucuresti--Constantinople | Bucuresti--Kyiv | Constantinople--Smyrna | Edinburgh--London | Kyiv--Smolensk | Kyiv--Warzawa | Moskva--Smolensk | Palermo--Roma,45.0,7.0,12.0,5.0,0.5833333333333334,121.0,37.0,0.6942148760330579,83.45671449085638,84.0,72.0,156.0,1.8666666666666667,3.466666666666667,3.466666666666667,62.4,18.0,0.7428571428571429,0.21428571428571427
172,Original baseline,"3,16,17,19,24,28,33,38,39,40,44,45","38,40,45",Athina--Palermo | Athina--Sofia | Bucuresti--Kyiv | Bucuresti--Sevastopol | Bucuresti--Sofia | Erzurum--Sevastopol | Khobenhaven--Stockholm | Kyiv--Wilno | Moskva--Petrograd | Petrograd--Stockholm | Petrograd--Wilno,44.0,3.0,12.0,9.0,0.25,129.0,82.0,0.3643410852713178,47.0,47.0,83.0,130.0,1.0681818181818181,2.9545454545454546,2.9545454545454546,47.0,47.0,1.0,1.0
172,Learned revised,"3,16,17,19,24,28,33,38,39,40,44,45","38,40,45",Athina--Palermo | Athina--Sofia | Bucuresti--Kyiv | Bucuresti--Sevastopol | Bucuresti--Sofia | Erzurum--Sevastopol | Khobenhaven--Stockholm | Kyiv--Wilno | Moskva--Petrograd | Petrograd--Stockholm | Petrograd--Wilno,44.0,3.0,12.0,9.0,0.25,129.0,82.0,0.3643410852713178,47.02493391237121,47.0,83.0,130.0,1.0681818181818181,2.9545454545454546,2.9545454545454546,47.0,47.0,1.0,1.0
173,Original baseline,"3,9,16,19,24,25,26,31,33,40,41,43","3,9,16,19,41,40",Berlin--Essen | Berlin--Warzawa | Brest--Dieppe | Bruxelles--Dieppe | Bruxelles--Frankfurt | Bucuresti--Kyiv | Danzic--Warzawa | Essen--Frankfurt | Frankfurt--Munchen | Kyiv--Smolensk | Kyiv--Warzawa | Moskva--Petrograd | Moskva--Smolensk | Munchen--Venezia | Palermo--Roma | Roma--Venezia,43.0,6.0,12.0,6.0,0.5,134.0,54.0,0.5970149253731343,80.0,80.0,59.0,139.0,1.8604651162790697,3.2325581395348837,3.2325581395348837,76.0,60.0,0.95,0.75
173,Learned revised,"3,9,16,19,24,25,26,31,33,40,41,43","16,3,9,33,40,43,19",Amsterdam--Bruxelles | Amsterdam--Frankfurt | Amsterdam--London | Athina--Palermo | Athina--Sofia | Berlin--Danzic | Berlin--Essen | Berlin--Wien | Bucuresti--Budapest | Bucuresti--Kyiv | Bucuresti--Sofia | Budapest--Wien | Edinburgh--London | Essen--Frankfurt | Kyiv--Smolensk | Moskva--Smolensk,44.0,7.0,12.0,5.0,0.5833333333333334,134.0,48.0,0.6417910447761194,85.9478103031265,86.0,66.0,152.0,1.9545454545454546,3.4545454545454546,3.4545454545454546,80.0,56.0,0.9302325581395349,0.6511627906976745
174,Original baseline,"2,3,11,14,15,17,19,24,29,34,38,44","14,38,3,19,15,11",Amsterdam--Bruxelles | Amsterdam--Essen | Athina--Palermo | Athina--Smyrna | Berlin--Essen | Berlin--Warzawa | Constantinople--Smyrna | Danzic--Warzawa | Dieppe--Paris | Kyiv--Wilno | Madrid--Pamplona | Pamplona--Paris | Paris--Zurich | Petrograd--Wilno | Warzawa--Wilno,42.0,6.0,12.0,6.0,0.5,108.0,59.0,0.4537037037037037,49.0,49.0,64.0,113.0,1.1666666666666667,2.6904761904761907,2.6904761904761907,44.2,33.0,0.9020408163265307,0.673469387755102
174,Learned revised,"2,3,11,14,15,17,19,24,29,34,38,44","38,14,3,19,24,15",Amsterdam--Bruxelles | Amsterdam--Essen | Athina--Palermo | Athina--Smyrna | Berlin--Essen | Berlin--Warzawa | Constantinople--Smyrna | Danzic--Warzawa | Dieppe--London | Dieppe--Paris | Edinburgh--London | Kyiv--Wilno | Madrid--Pamplona | Pamplona--Paris | Petrograd--Wilno | Warzawa--Wilno,45.0,6.0,12.0,6.0,0.5,108.0,60.0,0.4444444444444444,48.2561365314685,48.0,69.0,117.0,1.0666666666666667,2.6,2.6,44.8,40.0,0.9333333333333332,0.8333333333333334
175,Original baseline,"2,3,4,6,8,12,13,16,23,29,33,45","23,13,12,3,16,45,29",Berlin--Essen | Berlin--Warzawa | Brest--Paris | Bucuresti--Kyiv | Bucuresti--Sevastopol | Erzurum--Sevastopol | Essen--Khobenhaven | Kyiv--Warzawa | Marseille--Paris | Marseille--Zurich | Sevastopol--Sochi | Venezia--Zagrab | Venezia--Zurich | Wien--Zagrab,42.0,7.0,12.0,5.0,0.5833333333333334,118.0,48.0,0.5932203389830508,70.0,70.0,62.0,132.0,1.6666666666666667,3.142857142857143,3.142857142857143,70.0,70.0,1.0,1.0
175,Learned revised,"2,3,4,6,8,12,13,16,23,29,33,45","23,13,12,33,16,3,45,29",Berlin--Essen | Berlin--Wien | Brest--Paris | Bucuresti--Kyiv | Bucuresti--Sevastopol | Bucuresti--Sofia | Budapest--Sarajevo | Budapest--Wien | Erzurum--Sevastopol | Essen--Khobenhaven | Marseille--Paris | Marseille--Zurich | Sarajevo--Sofia | Sevastopol--Sochi | Venezia--Zagrab | Venezia--Zurich | Wien--Zagrab,45.0,8.0,12.0,4.0,0.6666666666666666,118.0,43.0,0.635593220338983,75.66363760499937,75.0,61.0,136.0,1.6666666666666667,3.022222222222222,3.022222222222222,75.0,75.0,1.0,1.0
176,Original baseline,"1,2,3,7,11,14,27,31,32,39,40,44","14,40,31,2,3,7",Amsterdam--Essen | Angora--Constantinople | Athina--Palermo | Athina--Smyrna | Berlin--Essen | Berlin--Warzawa | Bucuresti--Constantinople | Bucuresti--Kyiv | Bucuresti--Sofia | Constantinople--Smyrna | Kharkov--Kyiv | Kyiv--Smolensk | Kyiv--Warzawa | Kyiv--Wilno | Moskva--Smolensk,45.0,6.0,12.0,6.0,0.5,123.0,58.0,0.5284552845528455,65.0,65.0,69.0,134.0,1.4444444444444444,2.977777777777778,2.977777777777778,59.4,37.0,0.9138461538461539,0.5692307692307692
176,Learned revised,"1,2,3,7,11,14,27,31,32,39,40,44","14,31,40,2,3,7",Amsterdam--Essen | Angora--Constantinople | Athina--Palermo | Athina--Smyrna | Athina--Sofia | Berlin--Essen | Berlin--Warzawa | Bucuresti--Kyiv | Bucuresti--Sofia | Constantinople--Smyrna | Kharkov--Kyiv | Kyiv--Smolensk | Kyiv--Warzawa | Kyiv--Wilno | Moskva--Smolensk,45.0,6.0,12.0,6.0,0.5,123.0,58.0,0.5284552845528455,64.28217107145039,65.0,69.0,134.0,1.4444444444444444,2.977777777777778,2.977777777777778,60.4,42.0,0.9292307692307692,0.6461538461538462
177,Original baseline,"2,6,21,22,25,26,29,32,36,39,42,43","21,25,42,22,43,36",Amsterdam--Bruxelles | Amsterdam--Essen | Amsterdam--London | Athina--Brindisi | Berlin--Danzic | Berlin--Essen | Brindisi--Roma | Bruxelles--Paris | Edinburgh--London | Lisboa--Madrid | Madrid--Pamplona | Marseille--Paris | Marseille--Roma | Marseille--Zurich | Pamplona--Paris,43.0,6.0,12.0,6.0,0.5,117.0,48.0,0.5897435897435898,69.0,69.0,62.0,131.0,1.6046511627906976,3.046511627906977,3.046511627906977,63.6,42.0,0.9217391304347826,0.6086956521739131
177,Learned revised,"2,6,21,22,25,26,29,32,36,39,42,43","21,25,42,22,43,36",Amsterdam--Bruxelles | Amsterdam--Essen | Amsterdam--London | Athina--Brindisi | Berlin--Danzic | Berlin--Essen | Brindisi--Roma | Bruxelles--Paris | Edinburgh--London | Lisboa--Madrid | Madrid--Pamplona | Marseille--Paris | Marseille--Roma | Marseille--Zurich | Pamplona--Paris,43.0,6.0,12.0,6.0,0.5,117.0,48.0,0.5897435897435898,70.30006660003399,69.0,62.0,131.0,1.6046511627906976,3.046511627906977,3.046511627906977,63.6,42.0,0.9217391304347826,0.6086956521739131
178,Original baseline,"5,10,11,15,16,18,27,28,33,37,40,41","15,11,27,41,5,33",Barcelona--Pamplona | Brest--Dieppe | Budapest--Sarajevo | Dieppe--Paris | Madrid--Pamplona | Munchen--Wien | Munchen--Zurich | Pamplona--Paris | Paris--Zurich | Petrograd--Stockholm | Petrograd--Wilno | Sarajevo--Sofia | Warzawa--Wien | Warzawa--Wilno,44.0,6.0,12.0,6.0,0.5,118.0,59.0,0.5,59.0,59.0,71.0,130.0,1.3409090909090908,2.9545454545454546,2.9545454545454546,54.2,35.0,0.9186440677966102,0.5932203389830508
178,Learned revised,"5,10,11,15,16,18,27,28,33,37,40,41","15,11,27,41,5,33",Barcelona--Pamplona | Brest--Dieppe | Budapest--Sarajevo | Dieppe--Paris | Madrid--Pamplona | Munchen--Wien | Munchen--Zurich | Pamplona--Paris | Paris--Zurich | Petrograd--Stockholm | Petrograd--Wilno | Sarajevo--Sofia | Warzawa--Wien | Warzawa--Wilno,44.0,6.0,12.0,6.0,0.5,118.0,59.0,0.5,58.519260994173074,59.0,71.0,130.0,1.3409090909090908,2.9545454545454546,2.9545454545454546,54.2,35.0,0.9186440677966102,0.5932203389830508
179,Original baseline,"1,2,4,10,11,14,22,24,25,28,33,34","14,10,4,2,24,33",Angora--Constantinople | Athina--Palermo | Athina--Smyrna | Bucuresti--Constantinople | Bucuresti--Kyiv | Budapest--Sarajevo | Constantinople--Smyrna | Dieppe--London | Dieppe--Paris | Edinburgh--London | Kharkov--Kyiv | Kyiv--Wilno | Palermo--Roma | Riga--Wilno | Sarajevo--Sofia,45.0,6.0,12.0,6.0,0.5,94.0,46.0,0.5106382978723404,48.0,48.0,71.0,119.0,1.0666666666666667,2.6444444444444444,2.6444444444444444,44.8,32.0,0.9333333333333332,0.6666666666666666
179,Learned revised,"1,2,4,10,11,14,22,24,25,28,33,34","14,10,24,22,1,25,33",Athina--Palermo | Athina--Smyrna | Berlin--Frankfurt | Berlin--Wien | Budapest--Sarajevo | Constantinople--Smyrna | Dieppe--London | Dieppe--Paris | Edinburgh--London | Essen--Frankfurt | Frankfurt--Paris | Marseille--Paris | Palermo--Roma | Sarajevo--Sofia,41.0,7.0,12.0,5.0,0.5833333333333334,94.0,41.0,0.5638297872340425,52.15991251620191,53.0,63.0,116.0,1.2926829268292683,2.8292682926829267,2.8292682926829267,46.4,36.0,0.8754716981132076,0.6792452830188679
180,Original baseline,"2,3,6,8,9,13,16,17,20,25,32,42","3,9,8,16,32,6,2",Angora--Constantinople | Athina--Sofia | Berlin--Essen | Berlin--Warzawa | Bucuresti--Constantinople | Bucuresti--Kyiv | Bucuresti--Sofia | Essen--Frankfurt | Essen--Khobenhaven | Kharkov--Kyiv | Kyiv--Smolensk | Kyiv--Warzawa | Kyiv--Wilno | Moskva--Smolensk,40.0,7.0,12.0,5.0,0.5833333333333334,120.0,51.0,0.575,69.0,69.0,56.0,125.0,1.725,3.125,3.125,69.0,69.0,1.0,1.0
180,Learned revised,"2,3,6,8,9,13,16,17,20,25,32,42","16,3,9,8,32,6,20,25,13",Athina--Sofia | Berlin--Essen | Berlin--Wien | Brest--Paris | Bucuresti--Budapest | Bucuresti--Kyiv | Bucuresti--Sofia | Budapest--Wien | Essen--Frankfurt | Essen--Khobenhaven | Frankfurt--Paris | Kyiv--Smolensk | Kyiv--Wilno | Marseille--Paris | Moskva--Smolensk | Venezia--Zagrab | Wien--Zagrab,45.0,9.0,12.0,3.0,0.75,120.0,38.0,0.6833333333333333,81.68231290239763,82.0,60.0,142.0,1.8222222222222222,3.1555555555555554,3.1555555555555554,82.0,82.0,1.0,1.0
181,Original baseline,"3,6,15,22,26,27,28,29,32,34,38,39","38,6,28,29,26,34,15,32",Athina--Sofia | Bucuresti--Kyiv | Bucuresti--Sevastopol | Bucuresti--Sofia | Dieppe--Paris | Erzurum--Sochi | Essen--Frankfurt | Essen--Khobenhaven | Kyiv--Smolensk | Kyiv--Wilno | Madrid--Pamplona | Pamplona--Paris | Petrograd--Wilno | Rostov--Sochi | Sarajevo--Sofia | Sevastopol--Sochi,44.0,8.0,12.0,4.0,0.6666666666666666,90.0,31.0,0.6555555555555556,59.0,59.0,61.0,120.0,1.3409090909090908,2.727272727272727,2.727272727272727,57.4,51.0,0.9728813559322034,0.864406779661017
181,Learned revised,"3,6,15,22,26,27,28,29,32,34,38,39","38,6,29,28,26,34,15,32",Athina--Sofia | Bucuresti--Kyiv | Bucuresti--Sevastopol | Bucuresti--Sofia | Dieppe--Paris | Erzurum--Sochi | Essen--Frankfurt | Essen--Khobenhaven | Kyiv--Smolensk | Kyiv--Wilno | Madrid--Pamplona | Pamplona--Paris | Petrograd--Wilno | Rostov--Sochi | Sarajevo--Sofia | Sevastopol--Sochi,44.0,8.0,12.0,4.0,0.6666666666666666,90.0,31.0,0.6555555555555556,58.121434742430914,59.0,61.0,120.0,1.3409090909090908,2.727272727272727,2.727272727272727,57.4,51.0,0.9728813559322034,0.864406779661017
182,Original baseline,"6,8,10,12,18,19,23,24,29,36,42,45","23,24,10,36,18,45",Angora--Erzurum | Angora--Smyrna | Athina--Brindisi | Athina--Smyrna | Berlin--Frankfurt | Brest--Paris | Brindisi--Roma | Dieppe--London | Dieppe--Paris | Edinburgh--London | Essen--Frankfurt | Essen--Khobenhaven | Frankfurt--Munchen | Marseille--Paris | Munchen--Venezia | Roma--Venezia | Venezia--Zurich,44.0,6.0,12.0,6.0,0.5,126.0,68.0,0.4603174603174603,58.0,58.0,58.0,116.0,1.3181818181818181,2.6363636363636362,2.6363636363636362,44.4,28.0,0.7655172413793103,0.4827586206896552
182,Learned revised,"6,8,10,12,18,19,23,24,29,36,42,45","23,24,12,18,36,42,19",Barcelona--Madrid | Barcelona--Marseille | Berlin--Danzic | Berlin--Wien | Brest--Paris | Brindisi--Roma | Bruxelles--Paris | Dieppe--London | Dieppe--Paris | Edinburgh--London | Lisboa--Madrid | Marseille--Paris | Marseille--Roma | Marseille--Zurich | Munchen--Wien | Munchen--Zurich,44.0,7.0,12.0,5.0,0.5833333333333334,126.0,60.0,0.5238095238095238,67.08983586514152,66.0,61.0,127.0,1.5,2.8863636363636362,2.8863636363636362,66.0,66.0,1.0,1.0
183,Original baseline,"0,11,12,15,16,19,28,31,33,37,41,42","15,11,42,41,19,12,16,33",Berlin--Danzic | Berlin--Frankfurt | Berlin--Wien | Brest--Dieppe | Bruxelles--Frankfurt | Bucuresti--Budapest | Bucuresti--Sofia | Budapest--Wien | Danzic--Riga | Dieppe--Paris | Frankfurt--Paris | Lisboa--Madrid | Madrid--Pamplona | Pamplona--Paris | Paris--Zurich | Petrograd--Riga,44.0,8.0,12.0,4.0,0.6666666666666666,115.0,29.0,0.7478260869565218,86.0,86.0,61.0,147.0,1.9545454545454546,3.340909090909091,3.340909090909091,67.4,29.0,0.7837209302325582,0.3372093023255814
183,Learned revised,"0,11,12,15,16,19,28,31,33,37,41,42","16,33,28,12,19,41,0",Berlin--Danzic | Berlin--Frankfurt | Berlin--Wien | Brest--Paris | Bruxelles--Frankfurt | Bucuresti--Budapest | Bucuresti--Constantinople | Bucuresti--Sevastopol | Bucuresti--Sofia | Budapest--Wien | Budapest--Zagrab | Danzic--Riga | Frankfurt--Paris | Petrograd--Riga | Sarajevo--Sofia | Venezia--Zagrab,44.0,7.0,12.0,5.0,0.5833333333333334,115.0,47.0,0.591304347826087,68.45466648822307,68.0,60.0,128.0,1.5454545454545454,2.909090909090909,2.909090909090909,60.6,31.0,0.8911764705882353,0.45588235294117646
184,Original baseline,"1,3,4,8,15,21,23,24,31,41,43,44","23,15,43,24,21,1,31",Amsterdam--London | Athina--Brindisi | Athina--Smyrna | Athina--Sofia | Barcelona--Madrid | Barcelona--Marseille | Barcelona--Pamplona | Brest--Paris | Brindisi--Roma | Dieppe--London | Dieppe--Paris | Edinburgh--London | Marseille--Paris | Marseille--Roma | Roma--Venezia | Venezia--Zagrab | Wien--Zagrab,45.0,7.0,12.0,5.0,0.5833333333333334,138.0,73.0,0.47101449275362317,65.0,65.0,62.0,127.0,1.4444444444444444,2.8222222222222224,2.8222222222222224,64.0,60.0,0.9846153846153847,0.9230769230769231
184,Learned revised,"1,3,4,8,15,21,23,24,31,41,43,44","23,15,21,44,41,8",Amsterdam--Bruxelles | Amsterdam--Essen | Barcelona--Madrid | Barcelona--Marseille | Barcelona--Pamplona | Berlin--Essen | Brest--Paris | Bruxelles--Paris | Cadiz--Madrid | Dieppe--Paris | Essen--Khobenhaven | Khobenhaven--Stockholm | Marseille--Paris | Moskva--Petrograd | Petrograd--Stockholm,45.0,6.0,12.0,6.0,0.5,138.0,63.0,0.5434782608695652,76.05118803623091,75.0,72.0,147.0,1.6666666666666667,3.2666666666666666,3.2666666666666666,75.0,75.0,1.0,1.0
185,Original baseline,"2,7,11,12,21,23,27,30,35,40,42,45","23,21,11,42,12,7,35,27",Amsterdam--Bruxelles | Barcelona--Pamplona | Berlin--Danzic | Berlin--Frankfurt | Berlin--Wien | Brest--Paris | Bruxelles--Frankfurt | Bruxelles--Paris | Danzic--Warzawa | Frankfurt--Munchen | Lisboa--Madrid | Madrid--Pamplona | Marseille--Paris | Marseille--Zurich | Pamplona--Paris | Smolensk--Wilno | Warzawa--Wilno,45.0,8.0,12.0,4.0,0.6666666666666666,132.0,56.0,0.5757575757575758,76.0,76.0,59.0,135.0,1.6888888888888889,3.0,3.0,57.8,33.0,0.7605263157894736,0.4342105263157895
185,Learned revised,"2,7,11,12,21,23,27,30,35,40,42,45","23,21,11,27,12,42,7,35",Amsterdam--Bruxelles | Barcelona--Pamplona | Berlin--Danzic | Berlin--Wien | Brest--Paris | Bruxelles--Paris | Danzic--Warzawa | Lisboa--Madrid | Madrid--Pamplona | Marseille--Paris | Marseille--Zurich | Munchen--Wien | Munchen--Zurich | Pamplona--Paris | Smolensk--Wilno | Warzawa--Wilno,43.0,8.0,12.0,4.0,0.6666666666666666,132.0,56.0,0.5757575757575758,76.44759318012797,76.0,57.0,133.0,1.7674418604651163,3.0930232558139537,3.0930232558139537,67.4,33.0,0.886842105263158,0.4342105263157895
186,Original baseline,"0,6,9,17,20,21,22,29,35,36,41,45","21,17,35,9,41,22,20,6",Amsterdam--Bruxelles | Amsterdam--London | Athina--Sarajevo | Barcelona--Pamplona | Berlin--Frankfurt | Berlin--Warzawa | Berlin--Wien | Brest--Paris | Bruxelles--Frankfurt | Bruxelles--Paris | Pamplona--Paris | Petrograd--Wilno | Sarajevo--Zagrab | Smolensk--Wilno | Warzawa--Wilno | Wien--Zagrab,45.0,8.0,12.0,4.0,0.6666666666666666,124.0,45.0,0.6370967741935484,79.0,79.0,63.0,142.0,1.7555555555555555,3.1555555555555554,3.1555555555555554,66.6,32.0,0.8430379746835442,0.4050632911392405
186,Learned revised,"0,6,9,17,20,21,22,29,35,36,41,45","21,17,35,9,41,22,20,6",Amsterdam--Bruxelles | Amsterdam--London | Athina--Sarajevo | Barcelona--Pamplona | Berlin--Frankfurt | Berlin--Warzawa | Berlin--Wien | Brest--Paris | Bruxelles--Frankfurt | Bruxelles--Paris | Pamplona--Paris | Petrograd--Wilno | Sarajevo--Zagrab | Smolensk--Wilno | Warzawa--Wilno | Wien--Zagrab,45.0,8.0,12.0,4.0,0.6666666666666666,124.0,45.0,0.6370967741935484,80.15474532109623,79.0,63.0,142.0,1.7555555555555555,3.1555555555555554,3.1555555555555554,66.6,32.0,0.8430379746835442,0.4050632911392405
187,Original baseline,"5,6,8,10,11,13,16,19,21,22,25,34","16,8,6,5,22,19",Amsterdam--Bruxelles | Amsterdam--Essen | Amsterdam--London | Athina--Sofia | Berlin--Danzic | Berlin--Essen | Berlin--Wien | Bucuresti--Budapest | Bucuresti--Kyiv | Bucuresti--Sofia | Budapest--Wien | Essen--Khobenhaven | Khobenhaven--Stockholm | Kyiv--Smolensk | Kyiv--Wilno | Moskva--Smolensk,41.0,6.0,12.0,6.0,0.5,101.0,44.0,0.5643564356435643,57.0,57.0,54.0,111.0,1.3902439024390243,2.707317073170732,2.707317073170732,57.0,57.0,1.0,1.0
187,Learned revised,"5,6,8,10,11,13,16,19,21,22,25,34","21,25,19,22,11,13,34,16",Amsterdam--Bruxelles | Amsterdam--Essen | Amsterdam--London | Berlin--Danzic | Berlin--Essen | Brest--Paris | Bruxelles--Paris | Bucuresti--Budapest | Budapest--Zagrab | Erzurum--Sochi | Madrid--Pamplona | Marseille--Paris | Marseille--Zurich | Pamplona--Paris | Rostov--Sochi | Venezia--Zagrab | Venezia--Zurich,44.0,8.0,12.0,4.0,0.6666666666666666,101.0,41.0,0.594059405940594,61.138338415867125,60.0,58.0,118.0,1.3636363636363635,2.6818181818181817,2.6818181818181817,57.0,45.0,0.95,0.75
188,Original baseline,"2,3,5,7,9,11,18,20,26,28,32,33","3,9,7,32,5,26,20,18",Amsterdam--Frankfurt | Berlin--Essen | Berlin--Warzawa | Berlin--Wien | Essen--Frankfurt | Essen--Khobenhaven | Frankfurt--Paris | Kharkov--Kyiv | Kharkov--Rostov | Khobenhaven--Stockholm | Kyiv--Smolensk | Kyiv--Warzawa | Kyiv--Wilno | Roma--Venezia | Venezia--Zagrab | Wien--Zagrab,43.0,8.0,12.0,4.0,0.6666666666666666,105.0,31.0,0.7047619047619048,74.0,74.0,57.0,131.0,1.7209302325581395,3.046511627906977,3.046511627906977,71.6,62.0,0.9675675675675675,0.8378378378378378
188,Learned revised,"2,3,5,7,9,11,18,20,26,28,32,33","33,28,11,26,9,7",Amsterdam--Frankfurt | Barcelona--Madrid | Barcelona--Marseille | Bucuresti--Sevastopol | Bucuresti--Sofia | Budapest--Sarajevo | Budapest--Wien | Frankfurt--Munchen | Kharkov--Moskva | Kharkov--Rostov | Marseille--Zurich | Moskva--Smolensk | Munchen--Wien | Rostov--Sevastopol | Sarajevo--Sofia | Smolensk--Wilno,42.0,6.0,12.0,6.0,0.5,105.0,51.0,0.5142857142857142,53.67348592114213,54.0,57.0,111.0,1.2857142857142858,2.642857142857143,2.642857142857143,46.6,29.0,0.862962962962963,0.5370370370370371
189,Original baseline,"9,12,13,18,19,24,25,30,33,34,38,43","38,24,43,13,12,18,25,19",Athina--Brindisi | Berlin--Danzic | Berlin--Essen | Berlin--Wien | Brest--Dieppe | Brindisi--Roma | Bruxelles--Paris | Dieppe--London | Dieppe--Paris | Edinburgh--London | Kyiv--Wilno | Marseille--Zurich | Paris--Zurich | Petrograd--Wilno | Roma--Venezia | Venezia--Zagrab | Venezia--Zurich | Wien--Zagrab,44.0,8.0,12.0,4.0,0.6666666666666666,104.0,28.0,0.7307692307692307,76.0,76.0,56.0,132.0,1.7272727272727273,3.0,3.0,76.0,76.0,1.0,1.0
189,Learned revised,"9,12,13,18,19,24,25,30,33,34,38,43","38,34,33,24,43,12,13,18",Athina--Sofia | Berlin--Wien | Brest--Dieppe | Budapest--Sarajevo | Budapest--Wien | Budapest--Zagrab | Dieppe--London | Dieppe--Paris | Edinburgh--London | Erzurum--Sochi | Kyiv--Wilno | Paris--Zurich | Petrograd--Wilno | Roma--Venezia | Rostov--Sochi | Sarajevo--Sofia | Venezia--Zagrab | Venezia--Zurich,43.0,8.0,12.0,4.0,0.6666666666666666,104.0,35.0,0.6634615384615384,69.79664778692072,69.0,54.0,123.0,1.6046511627906976,2.86046511627907,2.86046511627907,69.0,69.0,1.0,1.0
190,Original baseline,"0,3,4,6,10,12,16,24,34,36,39,45","3,16,45,4,34,6",Athina--Sofia | Berlin--Essen | Berlin--Warzawa | Bucuresti--Kyiv | Bucuresti--Sevastopol | Bucuresti--Sofia | Danzic--Riga | Danzic--Warzawa | Erzurum--Sevastopol | Essen--Khobenhaven | Kyiv--Warzawa | Kyiv--Wilno | Rostov--Sevastopol,41.0,6.0,12.0,6.0,0.5,110.0,45.0,0.5909090909090909,65.0,65.0,62.0,127.0,1.5853658536585367,3.097560975609756,3.097560975609756,65.0,65.0,1.0,1.0
190,Learned revised,"0,3,4,6,10,12,16,24,34,36,39,45","34,24,3,45,16,4",Berlin--Essen | Berlin--Warzawa | Bucuresti--Kyiv | Danzic--Riga | Danzic--Warzawa | Dieppe--London | Dieppe--Paris | Edinburgh--London | Erzurum--Sochi | Essen--Khobenhaven | Kharkov--Kyiv | Kharkov--Rostov | Kyiv--Warzawa | Rostov--Sochi,40.0,6.0,12.0,6.0,0.5,110.0,49.0,0.5545454545454546,61.578155527602206,61.0,58.0,119.0,1.525,2.975,2.975,61.0,61.0,1.0,1.0
191,Original baseline,"0,5,7,13,16,18,22,23,25,30,38,44","23,13,25,18,22,7,16,0,38",Amsterdam--Frankfurt | Berlin--Essen | Berlin--Warzawa | Brest--Paris | Bucuresti--Constantinople | Bucuresti--Kyiv | Dieppe--London | Dieppe--Paris | Essen--Frankfurt | Frankfurt--Paris | Kyiv--Wilno | Marseille--Paris | Marseille--Zurich | Petrograd--Wilno | Roma--Venezia | Venezia--Zurich | Warzawa--Wilno,45.0,9.0,12.0,3.0,0.75,111.0,36.0,0.6756756756756757,75.0,75.0,61.0,136.0,1.6666666666666667,3.022222222222222,3.022222222222222,72.6,63.0,0.968,0.84
191,Learned revised,"0,5,7,13,16,18,22,23,25,30,38,44","38,23,13,25,18,22,7,16,0",Amsterdam--Frankfurt | Berlin--Essen | Berlin--Warzawa | Brest--Paris | Bucuresti--Constantinople | Bucuresti--Kyiv | Dieppe--London | Dieppe--Paris | Essen--Frankfurt | Frankfurt--Paris | Kyiv--Wilno | Marseille--Paris | Marseille--Zurich | Petrograd--Wilno | Roma--Venezia | Venezia--Zurich | Warzawa--Wilno,45.0,9.0,12.0,3.0,0.75,111.0,36.0,0.6756756756756757,76.10916366608055,75.0,61.0,136.0,1.6666666666666667,3.022222222222222,3.022222222222222,72.6,63.0,0.968,0.84
192,Original baseline,"0,6,8,11,12,16,19,20,23,30,35,36","23,16,8,35,6,12,20",Athina--Sofia | Berlin--Frankfurt | Berlin--Wien | Brest--Paris | Bucuresti--Budapest | Bucuresti--Kyiv | Bucuresti--Sofia | Budapest--Wien | Frankfurt--Paris | Kyiv--Smolensk | Kyiv--Warzawa | Kyiv--Wilno | Marseille--Paris | Moskva--Smolensk | Wien--Zagrab,43.0,7.0,12.0,5.0,0.5833333333333334,97.0,38.0,0.6082474226804123,59.0,59.0,61.0,120.0,1.372093023255814,2.7906976744186047,2.7906976744186047,56.0,44.0,0.9491525423728814,0.7457627118644068
192,Learned revised,"0,6,8,11,12,16,19,20,23,30,35,36","23,16,12,20,0,19,8,35",Berlin--Danzic | Berlin--Frankfurt | Berlin--Wien | Brest--Paris | Bruxelles--Frankfurt | Bucuresti--Budapest | Bucuresti--Constantinople | Bucuresti--Kyiv | Budapest--Wien | Danzic--Warzawa | Frankfurt--Paris | Kyiv--Smolensk | Marseille--Paris | Moskva--Smolensk | Venezia--Zagrab | Wien--Zagrab,44.0,8.0,12.0,4.0,0.6666666666666666,97.0,30.0,0.6907216494845361,67.55567281629277,67.0,60.0,127.0,1.5227272727272727,2.8863636363636362,2.8863636363636362,62.2,43.0,0.9283582089552239,0.6417910447761194
193,Original baseline,"3,4,5,6,7,13,19,28,30,33,34,37","3,7,19,4,6,33,28,30",Amsterdam--Bruxelles | Amsterdam--Essen | Angora--Smyrna | Athina--Smyrna | Athina--Sofia | Berlin--Essen | Berlin--Warzawa | Bucuresti--Budapest | Bucuresti--Kyiv | Bucuresti--Sevastopol | Bucuresti--Sofia | Danzic--Riga | Danzic--Warzawa | Kyiv--Warzawa | Kyiv--Wilno | Sarajevo--Sofia,45.0,8.0,12.0,4.0,0.6666666666666666,99.0,29.0,0.7070707070707071,70.0,70.0,64.0,134.0,1.5555555555555556,2.977777777777778,2.977777777777778,69.0,65.0,0.9857142857142858,0.9285714285714286
193,Learned revised,"3,4,5,6,7,13,19,28,30,33,34,37","34,33,28,6,4,3,7,19",Amsterdam--Bruxelles | Amsterdam--Essen | Athina--Sofia | Berlin--Danzic | Berlin--Essen | Berlin--Wien | Bucuresti--Kyiv | Bucuresti--Sevastopol | Bucuresti--Sofia | Budapest--Sarajevo | Budapest--Wien | Erzurum--Sochi | Kyiv--Wilno | Riga--Wilno | Rostov--Sochi | Sarajevo--Sofia,42.0,8.0,12.0,4.0,0.6666666666666666,99.0,29.0,0.7070707070707071,70.24660113547552,70.0,57.0,127.0,1.6666666666666667,3.0238095238095237,3.0238095238095237,70.0,70.0,1.0,1.0
194,Original baseline,"2,3,7,26,27,30,31,34,35,36,44,45","3,7,35,26,45,34,2,30,31",Amsterdam--Essen | Angora--Erzurum | Angora--Smyrna | Athina--Smyrna | Athina--Sofia | Berlin--Essen | Berlin--Warzawa | Erzurum--Sochi | Essen--Khobenhaven | Kharkov--Kyiv | Kharkov--Rostov | Kyiv--Smolensk | Kyiv--Warzawa | Kyiv--Wilno | Rostov--Sochi,43.0,9.0,12.0,3.0,0.75,117.0,35.0,0.7008547008547008,82.0,82.0,59.0,141.0,1.9069767441860466,3.2790697674418605,3.2790697674418605,80.0,72.0,0.975609756097561,0.8780487804878049
194,Learned revised,"2,3,7,26,27,30,31,34,35,36,44,45","35,7,3,26,45,34,2,31,30",Amsterdam--Frankfurt | Angora--Erzurum | Angora--Smyrna | Athina--Smyrna | Athina--Sofia | Berlin--Essen | Berlin--Frankfurt | Berlin--Warzawa | Erzurum--Sochi | Essen--Khobenhaven | Kharkov--Kyiv | Kharkov--Rostov | Kyiv--Wilno | Rostov--Sochi | Smolensk--Wilno | Warzawa--Wilno,44.0,9.0,12.0,3.0,0.75,117.0,35.0,0.7008547008547008,81.21917552301518,82.0,58.0,140.0,1.8636363636363635,3.1818181818181817,3.1818181818181817,75.2,70.0,0.9170731707317074,0.8536585365853658
195,Original baseline,"1,7,8,9,13,16,22,24,30,32,40,45","16,45,32,9,8,7,1,22,24",Amsterdam--Frankfurt | Amsterdam--London | Berlin--Essen | Berlin--Wien | Bucuresti--Budapest | Bucuresti--Kyiv | Bucuresti--Sevastopol | Budapest--Wien | Edinburgh--London | Erzurum--Sevastopol | Essen--Frankfurt | Essen--Khobenhaven | Frankfurt--Paris | Kyiv--Smolensk | Kyiv--Wilno | Moskva--Smolensk,45.0,9.0,12.0,3.0,0.75,128.0,33.0,0.7421875,95.0,95.0,64.0,159.0,2.111111111111111,3.533333333333333,3.533333333333333,87.8,59.0,0.9242105263157895,0.6210526315789474
195,Learned revised,"1,7,8,9,13,16,22,24,30,32,40,45","24,22,1,9,8,7,40,13",Amsterdam--Frankfurt | Berlin--Frankfurt | Berlin--Wien | Brest--Dieppe | Budapest--Kyiv | Budapest--Wien | Budapest--Zagrab | Dieppe--London | Dieppe--Paris | Edinburgh--London | Frankfurt--Paris | Kyiv--Smolensk | Kyiv--Wilno | Moskva--Smolensk | Palermo--Roma | Roma--Venezia | Venezia--Zagrab,44.0,8.0,12.0,4.0,0.6666666666666666,128.0,39.0,0.6953125,89.06343677649863,89.0,63.0,152.0,2.022727272727273,3.4545454545454546,3.4545454545454546,76.6,39.0,0.8606741573033707,0.43820224719101125
196,Original baseline,"0,2,5,11,16,18,26,28,29,30,35,40","16,28,29,26,35,40,18,0",Berlin--Wien | Bucuresti--Budapest | Bucuresti--Constantinople | Bucuresti--Kyiv | Bucuresti--Sevastopol | Budapest--Sarajevo | Budapest--Wien | Budapest--Zagrab | Kyiv--Smolensk | Kyiv--Warzawa | Moskva--Smolensk | Palermo--Roma | Roma--Venezia | Rostov--Sochi | Sevastopol--Sochi | Venezia--Zagrab,45.0,8.0,12.0,4.0,0.6666666666666666,110.0,33.0,0.7,77.0,77.0,64.0,141.0,1.711111111111111,3.1333333333333333,3.1333333333333333,77.0,77.0,1.0,1.0
196,Learned revised,"0,2,5,11,16,18,26,28,29,30,35,40","35,16,28,29,26,40,18",Berlin--Wien | Bucuresti--Budapest | Bucuresti--Kyiv | Bucuresti--Sevastopol | Budapest--Sarajevo | Budapest--Wien | Budapest--Zagrab | Kyiv--Wilno | Moskva--Smolensk | Palermo--Roma | Roma--Venezia | Rostov--Sochi | Sevastopol--Sochi | Smolensk--Wilno | Venezia--Zagrab | Warzawa--Wilno,43.0,7.0,12.0,5.0,0.5833333333333334,110.0,43.0,0.6090909090909091,67.13478479722993,67.0,59.0,126.0,1.558139534883721,2.9302325581395348,2.9302325581395348,67.0,67.0,1.0,1.0
197,Original baseline,"3,12,13,23,25,26,29,30,32,36,38,45","23,13,12,25,3,45,29,26",Berlin--Essen | Berlin--Wien | Brest--Paris | Budapest--Kyiv | Budapest--Wien | Erzurum--Sochi | Essen--Khobenhaven | Kharkov--Kyiv | Kharkov--Rostov | Kyiv--Smolensk | Marseille--Paris | Marseille--Zurich | Rostov--Sochi | Venezia--Zagrab | Venezia--Zurich | Wien--Zagrab,44.0,8.0,12.0,4.0,0.6666666666666666,100.0,22.0,0.78,78.0,78.0,64.0,142.0,1.7727272727272727,3.227272727272727,3.227272727272727,78.0,78.0,1.0,1.0
197,Learned revised,"3,12,13,23,25,26,29,30,32,36,38,45","38,23,13,12,25,3,36,30",Angora--Smyrna | Athina--Smyrna | Berlin--Essen | Berlin--Wien | Brest--Paris | Brindisi--Roma | Budapest--Kyiv | Budapest--Wien | Kyiv--Wilno | Marseille--Paris | Marseille--Zurich | Petrograd--Wilno | Roma--Venezia | Venezia--Zagrab | Venezia--Zurich | Wien--Zagrab,42.0,8.0,12.0,4.0,0.6666666666666666,100.0,42.0,0.58,58.375212354602944,58.0,60.0,118.0,1.380952380952381,2.8095238095238093,2.8095238095238093,57.0,53.0,0.9827586206896551,0.9137931034482759
198,Original baseline,"0,7,11,13,17,24,28,29,33,35,38,45","38,24,35,7,33,28,29",Amsterdam--Frankfurt | Berlin--Frankfurt | Berlin--Warzawa | Bucuresti--Kyiv | Bucuresti--Sevastopol | Bucuresti--Sofia | Budapest--Sarajevo | Dieppe--London | Dieppe--Paris | Edinburgh--London | Kyiv--Wilno | Petrograd--Wilno | Sarajevo--Sofia | Sevastopol--Sochi | Smolensk--Wilno | Warzawa--Wilno,45.0,7.0,12.0,5.0,0.5833333333333334,107.0,55.0,0.48598130841121495,52.0,52.0,64.0,116.0,1.1555555555555554,2.577777777777778,2.577777777777778,47.2,40.0,0.9076923076923078,0.7692307692307693
198,Learned revised,"0,7,11,13,17,24,28,29,33,35,38,45","38,24,35,7,33,28,29",Amsterdam--Frankfurt | Berlin--Frankfurt | Berlin--Warzawa | Bucuresti--Kyiv | Bucuresti--Sevastopol | Bucuresti--Sofia | Budapest--Sarajevo | Dieppe--London | Dieppe--Paris | Edinburgh--London | Kyiv--Wilno | Petrograd--Wilno | Sarajevo--Sofia | Sevastopol--Sochi | Smolensk--Wilno | Warzawa--Wilno,45.0,7.0,12.0,5.0,0.5833333333333334,107.0,55.0,0.48598130841121495,51.703663300673355,52.0,64.0,116.0,1.1555555555555554,2.577777777777778,2.577777777777778,47.2,40.0,0.9076923076923078,0.7692307692307693
199,Original baseline,"5,8,12,13,15,21,28,31,33,42,44,45","15,21,42,12,44,5,13",Amsterdam--Bruxelles | Berlin--Danzic | Berlin--Frankfurt | Berlin--Wien | Brest--Dieppe | Bruxelles--Frankfurt | Bruxelles--Paris | Cadiz--Lisboa | Dieppe--Paris | Essen--Frankfurt | Essen--Khobenhaven | Frankfurt--Munchen | Khobenhaven--Stockholm | Lisboa--Madrid | Madrid--Pamplona | Munchen--Venezia | Pamplona--Paris,41.0,7.0,12.0,5.0,0.5833333333333334,133.0,51.0,0.6165413533834586,82.0,82.0,51.0,133.0,2.0,3.2439024390243905,3.2439024390243905,61.6,26.0,0.751219512195122,0.3170731707317073
199,Learned revised,"5,8,12,13,15,21,28,31,33,42,44,45","21,15,42,12,44,5,13",Amsterdam--Bruxelles | Berlin--Danzic | Berlin--Frankfurt | Berlin--Wien | Brest--Dieppe | Bruxelles--Frankfurt | Bruxelles--Paris | Cadiz--Lisboa | Dieppe--Paris | Essen--Frankfurt | Essen--Khobenhaven | Frankfurt--Munchen | Khobenhaven--Stockholm | Lisboa--Madrid | Madrid--Pamplona | Munchen--Venezia | Pamplona--Paris,41.0,7.0,12.0,5.0,0.5833333333333334,133.0,51.0,0.6165413533834586,83.04716142245869,82.0,51.0,133.0,2.0,3.2439024390243905,3.2439024390243905,61.6,26.0,0.751219512195122,0.3170731707317073
200,Original baseline,"5,17,19,25,26,30,31,35,37,39,41,45","35,30,31,41,19,17",Angora--Smyrna | Athina--Smyrna | Athina--Sofia | Barcelona--Pamplona | Berlin--Frankfurt | Berlin--Warzawa | Brest--Paris | Bruxelles--Frankfurt | Danzic--Warzawa | Frankfurt--Paris | Pamplona--Paris | Petrograd--Wilno | Smolensk--Wilno | Warzawa--Wilno,41.0,6.0,12.0,6.0,0.5,112.0,59.0,0.4732142857142857,53.0,53.0,57.0,110.0,1.2926829268292683,2.682926829268293,2.682926829268293,43.6,24.0,0.8226415094339623,0.4528301886792453
200,Learned revised,"5,17,19,25,26,30,31,35,37,39,41,45","35,31,30,26,45,5",Angora--Smyrna | Athina--Smyrna | Athina--Sofia | Berlin--Essen | Berlin--Warzawa | Berlin--Wien | Erzurum--Sochi | Essen--Khobenhaven | Kharkov--Kyiv | Kharkov--Rostov | Khobenhaven--Stockholm | Kyiv--Wilno | Rostov--Sochi | Smolensk--Wilno | Warzawa--Wilno,42.0,6.0,12.0,6.0,0.5,112.0,57.0,0.49107142857142855,53.75983690667727,55.0,56.0,111.0,1.3095238095238095,2.642857142857143,2.642857142857143,53.0,45.0,0.9636363636363636,0.8181818181818182
201,Original baseline,"7,10,12,13,17,18,23,28,37,38,40,42","23,13,12,18,37,42,17,7",Amsterdam--Bruxelles | Barcelona--Madrid | Barcelona--Marseille | Berlin--Danzic | Berlin--Wien | Brest--Paris | Brindisi--Roma | Bruxelles--Paris | Danzic--Warzawa | Lisboa--Madrid | Marseille--Paris | Marseille--Zurich | Roma--Venezia | Venezia--Zagrab | Venezia--Zurich | Warzawa--Wilno | Wien--Zagrab,42.0,8.0,12.0,4.0,0.6666666666666666,120.0,42.0,0.65,78.0,78.0,53.0,131.0,1.8571428571428572,3.119047619047619,3.119047619047619,78.0,78.0,1.0,1.0
201,Learned revised,"7,10,12,13,17,18,23,28,37,38,40,42","38,40,10,18,7",Amsterdam--Frankfurt | Athina--Palermo | Athina--Smyrna | Athina--Sofia | Berlin--Frankfurt | Berlin--Warzawa | Bucuresti--Kyiv | Bucuresti--Sofia | Kyiv--Wilno | Moskva--Petrograd | Palermo--Roma | Petrograd--Wilno | Warzawa--Wilno,43.0,5.0,12.0,7.0,0.4166666666666667,120.0,65.0,0.4583333333333333,54.75868035876316,55.0,70.0,125.0,1.2790697674418605,2.9069767441860463,2.9069767441860463,48.6,43.0,0.8836363636363637,0.7818181818181819
202,Original baseline,"6,9,21,23,29,34,37,38,39,40,42,45","23,38,40,6,29,21",Amsterdam--Bruxelles | Athina--Palermo | Athina--Sofia | Brest--Paris | Bruxelles--Paris | Bucuresti--Kyiv | Bucuresti--Sevastopol | Bucuresti--Sofia | Kyiv--Wilno | Marseille--Paris | Moskva--Petrograd | Pamplona--Paris | Petrograd--Wilno | Sevastopol--Sochi,45.0,6.0,12.0,6.0,0.5,130.0,71.0,0.45384615384615384,59.0,59.0,74.0,133.0,1.3111111111111111,2.9555555555555557,2.9555555555555557,57.6,52.0,0.976271186440678,0.8813559322033898
202,Learned revised,"6,9,21,23,29,34,37,38,39,40,42,45","38,23,21,34,45,29",Amsterdam--Bruxelles | Brest--Paris | Bruxelles--Paris | Erzurum--Sochi | Kharkov--Kyiv | Kharkov--Rostov | Khobenhaven--Stockholm | Kyiv--Wilno | Marseille--Paris | Pamplona--Paris | Petrograd--Stockholm | Petrograd--Wilno | Rostov--Sochi,42.0,6.0,12.0,6.0,0.5,130.0,76.0,0.4153846153846154,54.832440179304356,54.0,70.0,124.0,1.2857142857142858,2.9523809523809526,2.9523809523809526,52.6,47.0,0.9740740740740741,0.8703703703703703
203,Original baseline,"13,17,18,21,22,23,26,36,37,39,40,45","23,13,17,21,36,37,39,40",Amsterdam--Bruxelles | Barcelona--Marseille | Barcelona--Pamplona | Brest--Paris | Brindisi--Palermo | Brindisi--Roma | Bruxelles--Paris | Budapest--Kyiv | Budapest--Zagrab | Kyiv--Smolensk | Marseille--Paris | Marseille--Zurich | Moskva--Smolensk | Roma--Venezia | Venezia--Zagrab | Venezia--Zurich,42.0,8.0,12.0,4.0,0.6666666666666666,113.0,45.0,0.6017699115044248,68.0,68.0,60.0,128.0,1.619047619047619,3.0476190476190474,3.0476190476190474,68.0,68.0,1.0,1.0
203,Learned revised,"13,17,18,21,22,23,26,36,37,39,40,45","23,13,17,21,39,18,22,36,37,26",Amsterdam--Bruxelles | Amsterdam--London | Barcelona--Marseille | Barcelona--Pamplona | Berlin--Wien | Brest--Paris | Brindisi--Roma | Bruxelles--Paris | Budapest--Wien | Budapest--Zagrab | Kharkov--Moskva | Kharkov--Rostov | Marseille--Paris | Marseille--Zurich | Moskva--Smolensk | Roma--Venezia | Venezia--Zagrab | Venezia--Zurich,42.0,10.0,12.0,2.0,0.8333333333333334,113.0,41.0,0.6371681415929203,74.14424747414535,72.0,53.0,125.0,1.7142857142857142,2.9761904761904763,2.9761904761904763,72.0,72.0,1.0,1.0
204,Original baseline,"2,5,6,7,14,21,22,23,28,32,43,44","14,6,2,23,7",Amsterdam--Bruxelles | Angora--Constantinople | Athina--Palermo | Athina--Smyrna | Brest--Paris | Bruxelles--Paris | Bucuresti--Constantinople | Bucuresti--Kyiv | Constantinople--Smyrna | Kharkov--Kyiv | Kyiv--Wilno | Marseille--Paris | Marseille--Roma | Palermo--Roma,43.0,5.0,12.0,7.0,0.4166666666666667,127.0,79.0,0.3779527559055118,48.0,48.0,69.0,117.0,1.1162790697674418,2.7209302325581395,2.7209302325581395,41.8,17.0,0.8708333333333332,0.3541666666666667
204,Learned revised,"2,5,6,7,14,21,22,23,28,32,43,44","23,14,43,21,22",Amsterdam--Frankfurt | Amsterdam--London | Athina--Palermo | Athina--Smyrna | Berlin--Frankfurt | Brest--Paris | Constantinople--Smyrna | Dieppe--London | Dieppe--Paris | Edinburgh--London | Marseille--Paris | Marseille--Roma | Palermo--Roma | Pamplona--Paris,43.0,5.0,12.0,7.0,0.4166666666666667,127.0,77.0,0.3937007874015748,50.48192727693033,50.0,69.0,119.0,1.1627906976744187,2.7674418604651163,2.7674418604651163,44.2,42.0,0.884,0.84
205,Original baseline,"5,6,14,18,19,21,23,28,29,32,37,42","14,6,29,28,23,21",Amsterdam--Bruxelles | Athina--Palermo | Athina--Smyrna | Brest--Paris | Bruxelles--Paris | Bucuresti--Constantinople | Bucuresti--Kyiv | Bucuresti--Sevastopol | Bucuresti--Sofia | Constantinople--Smyrna | Kyiv--Wilno | Marseille--Paris | Pamplona--Paris | Sarajevo--Sofia | Sevastopol--Sochi,43.0,6.0,12.0,6.0,0.5,108.0,59.0,0.4537037037037037,49.0,49.0,66.0,115.0,1.1395348837209303,2.6744186046511627,2.6744186046511627,43.8,30.0,0.8938775510204081,0.6122448979591837
205,Learned revised,"5,6,14,18,19,21,23,28,29,32,37,42","23,14,6,29,28,21",Amsterdam--Bruxelles | Athina--Palermo | Athina--Smyrna | Brest--Paris | Bruxelles--Paris | Bucuresti--Constantinople | Bucuresti--Kyiv | Bucuresti--Sevastopol | Bucuresti--Sofia | Constantinople--Smyrna | Kyiv--Wilno | Marseille--Paris | Pamplona--Paris | Sarajevo--Sofia | Sevastopol--Sochi,43.0,6.0,12.0,6.0,0.5,108.0,59.0,0.4537037037037037,49.49093720085796,49.0,66.0,115.0,1.1395348837209303,2.6744186046511627,2.6744186046511627,43.8,30.0,0.8938775510204081,0.6122448979591837
206,Original baseline,"1,6,14,16,18,22,24,30,34,37,38,40","14,30,40,6,38,16,18",Angora--Constantinople | Athina--Palermo | Athina--Smyrna | Berlin--Warzawa | Bucuresti--Constantinople | Bucuresti--Kyiv | Constantinople--Smyrna | Kyiv--Smolensk | Kyiv--Wilno | Moskva--Petrograd | Moskva--Smolensk | Palermo--Roma | Warzawa--Wilno,41.0,7.0,12.0,5.0,0.5833333333333334,102.0,35.0,0.6568627450980392,67.0,67.0,65.0,132.0,1.6341463414634145,3.2195121951219514,3.2195121951219514,56.4,14.0,0.8417910447761194,0.208955223880597
206,Learned revised,"1,6,14,16,18,22,24,30,34,37,38,40","38,14,40,6,30,16,18,34",Angora--Constantinople | Athina--Palermo | Athina--Smyrna | Berlin--Warzawa | Bucuresti--Constantinople | Bucuresti--Kyiv | Constantinople--Smyrna | Erzurum--Sochi | Kyiv--Wilno | Moskva--Petrograd | Palermo--Roma | Petrograd--Wilno | Rostov--Sochi | Warzawa--Wilno,45.0,8.0,12.0,4.0,0.6666666666666666,102.0,30.0,0.7058823529411765,71.96372169508625,72.0,72.0,144.0,1.6,3.2,3.2,61.4,19.0,0.8527777777777777,0.2638888888888889
207,Original baseline,"0,6,7,22,23,24,27,37,38,39,41,45","23,38,41,7,22,24,27",Amsterdam--Frankfurt | Amsterdam--London | Barcelona--Marseille | Berlin--Frankfurt | Berlin--Warzawa | Brest--Paris | Edinburgh--London | Frankfurt--Munchen | Frankfurt--Paris | Kyiv--Wilno | Marseille--Paris | Petrograd--Wilno | Warzawa--Wilno,40.0,7.0,12.0,5.0,0.5833333333333334,121.0,54.0,0.5537190082644629,67.0,67.0,59.0,126.0,1.675,3.15,3.15,52.4,28.0,0.7820895522388059,0.417910447761194
207,Learned revised,"0,6,7,22,23,24,27,37,38,39,41,45","38,6,45,7,41",Amsterdam--Bruxelles | Amsterdam--Essen | Athina--Sofia | Brest--Dieppe | Bruxelles--Dieppe | Bucuresti--Kyiv | Bucuresti--Sevastopol | Bucuresti--Sofia | Erzurum--Sevastopol | Essen--Khobenhaven | Khobenhaven--Stockholm | Kyiv--Wilno | Petrograd--Stockholm | Petrograd--Wilno,45.0,5.0,12.0,7.0,0.4166666666666667,121.0,51.0,0.5785123966942148,70.9449121656196,70.0,74.0,144.0,1.5555555555555556,3.2,3.2,70.0,70.0,1.0,1.0
208,Original baseline,"2,12,19,24,25,27,28,29,35,38,43,44","38,24,43,12,35,19",Athina--Brindisi | Berlin--Danzic | Berlin--Frankfurt | Brindisi--Roma | Bruxelles--Frankfurt | Dieppe--London | Dieppe--Paris | Edinburgh--London | Kyiv--Wilno | Paris--Zurich | Petrograd--Wilno | Roma--Venezia | Smolensk--Wilno | Venezia--Zagrab | Venezia--Zurich | Warzawa--Wilno | Wien--Zagrab,44.0,6.0,12.0,6.0,0.5,120.0,63.0,0.475,57.0,57.0,58.0,115.0,1.2954545454545454,2.6136363636363638,2.6136363636363638,55.2,48.0,0.968421052631579,0.8421052631578947
208,Learned revised,"2,12,19,24,25,27,28,29,35,38,43,44","38,35,24,43,12,25",Amsterdam--Essen | Amsterdam--London | Athina--Brindisi | Brindisi--Roma | Dieppe--London | Dieppe--Paris | Edinburgh--London | Kyiv--Wilno | Marseille--Zurich | Paris--Zurich | Petrograd--Wilno | Roma--Venezia | Smolensk--Wilno | Venezia--Zagrab | Venezia--Zurich | Warzawa--Wilno | Wien--Zagrab,43.0,6.0,12.0,6.0,0.5,120.0,64.0,0.4666666666666667,56.3854573193196,56.0,56.0,112.0,1.302325581395349,2.604651162790698,2.604651162790698,56.0,56.0,1.0,1.0
209,Original baseline,"1,7,12,18,21,29,30,33,35,38,42,45","38,21,42,12,1,7,35,30",Amsterdam--Bruxelles | Amsterdam--London | Angora--Smyrna | Athina--Smyrna | Berlin--Danzic | Berlin--Frankfurt | Berlin--Wien | Bruxelles--Frankfurt | Bruxelles--Paris | Danzic--Warzawa | Kyiv--Wilno | Lisboa--Madrid | Madrid--Pamplona | Pamplona--Paris | Petrograd--Wilno | Smolensk--Wilno | Warzawa--Wilno,45.0,8.0,12.0,4.0,0.6666666666666666,117.0,43.0,0.6324786324786325,74.0,74.0,59.0,133.0,1.6444444444444444,2.9555555555555557,2.9555555555555557,57.6,24.0,0.7783783783783784,0.32432432432432434
209,Learned revised,"1,7,12,18,21,29,30,33,35,38,42,45","38,21,33,35,7,42,12",Amsterdam--Bruxelles | Amsterdam--Frankfurt | Berlin--Frankfurt | Berlin--Warzawa | Berlin--Wien | Bruxelles--Paris | Budapest--Sarajevo | Danzic--Warzawa | Kyiv--Wilno | Lisboa--Madrid | Madrid--Pamplona | Pamplona--Paris | Petrograd--Wilno | Sarajevo--Sofia | Smolensk--Wilno | Warzawa--Wilno,44.0,7.0,12.0,5.0,0.5833333333333334,117.0,53.0,0.5470085470085471,64.81126018287581,64.0,60.0,124.0,1.4545454545454546,2.8181818181818183,2.8181818181818183,42.6,24.0,0.665625,0.375
210,Original baseline,"2,4,9,11,14,22,28,33,36,41,44,45","14,4,2,45",Angora--Constantinople | Angora--Erzurum | Athina--Palermo | Athina--Smyrna | Berlin--Danzic | Berlin--Essen | Bucuresti--Constantinople | Bucuresti--Kyiv | Constantinople--Smyrna | Danzic--Riga | Essen--Khobenhaven | Kharkov--Kyiv | Kyiv--Wilno | Riga--Wilno,43.0,4.0,12.0,8.0,0.3333333333333333,137.0,88.0,0.35766423357664234,49.0,49.0,66.0,115.0,1.1395348837209303,2.6744186046511627,2.6744186046511627,47.4,41.0,0.9673469387755101,0.8367346938775511
210,Learned revised,"2,4,9,11,14,22,28,33,36,41,44,45","14,4,2,45",Angora--Constantinople | Angora--Erzurum | Athina--Palermo | Athina--Smyrna | Berlin--Danzic | Berlin--Essen | Bucuresti--Constantinople | Bucuresti--Kyiv | Constantinople--Smyrna | Danzic--Riga | Essen--Khobenhaven | Kharkov--Kyiv | Kyiv--Wilno | Riga--Wilno,43.0,4.0,12.0,8.0,0.3333333333333333,137.0,88.0,0.35766423357664234,48.973078441108406,49.0,66.0,115.0,1.1395348837209303,2.6744186046511627,2.6744186046511627,47.4,41.0,0.9673469387755101,0.8367346938775511
211,Original baseline,"0,1,7,11,16,22,23,32,33,36,37,42","23,16,33,0,37,36,1,22,7",Amsterdam--London | Berlin--Wien | Brest--Paris | Brindisi--Roma | Bucuresti--Budapest | Bucuresti--Constantinople | Bucuresti--Kyiv | Bucuresti--Sofia | Budapest--Wien | Budapest--Zagrab | Dieppe--London | Dieppe--Paris | Kyiv--Wilno | Marseille--Paris | Marseille--Zurich | Roma--Venezia | Venezia--Zagrab | Venezia--Zurich,43.0,9.0,12.0,3.0,0.75,104.0,33.0,0.6826923076923077,71.0,71.0,55.0,126.0,1.6511627906976745,2.9302325581395348,2.9302325581395348,71.0,71.0,1.0,1.0
211,Learned revised,"0,1,7,11,16,22,23,32,33,36,37,42","23,16,33,0,37,36,1,22,11",Barcelona--Madrid | Barcelona--Marseille | Berlin--Wien | Brest--Paris | Brindisi--Roma | Bucuresti--Budapest | Bucuresti--Constantinople | Bucuresti--Sofia | Budapest--Wien | Budapest--Zagrab | Dieppe--London | Dieppe--Paris | Marseille--Paris | Marseille--Zurich | Roma--Venezia | Venezia--Zagrab | Venezia--Zurich,41.0,9.0,12.0,3.0,0.75,104.0,37.0,0.6442307692307693,67.83288370143615,67.0,53.0,120.0,1.6341463414634145,2.926829268292683,2.926829268292683,67.0,67.0,1.0,1.0
212,Original baseline,"1,2,4,7,10,15,24,26,29,30,33,38","38,4,29,26,2,30,10",Angora--Constantinople | Athina--Brindisi | Athina--Smyrna | Brindisi--Roma | Bucuresti--Constantinople | Bucuresti--Kyiv | Bucuresti--Sevastopol | Constantinople--Smyrna | Kharkov--Rostov | Kyiv--Smolensk | Kyiv--Wilno | Petrograd--Wilno | Riga--Wilno | Rostov--Sochi | Sevastopol--Sochi,42.0,7.0,12.0,5.0,0.5833333333333334,97.0,42.0,0.5670103092783505,55.0,55.0,59.0,114.0,1.3095238095238095,2.7142857142857144,2.7142857142857144,52.4,42.0,0.9527272727272728,0.7636363636363637
212,Learned revised,"1,2,4,7,10,15,24,26,29,30,33,38","38,4,29,26,2,30,10",Angora--Constantinople | Athina--Brindisi | Athina--Smyrna | Brindisi--Roma | Bucuresti--Constantinople | Bucuresti--Kyiv | Bucuresti--Sevastopol | Constantinople--Smyrna | Kharkov--Rostov | Kyiv--Smolensk | Kyiv--Wilno | Petrograd--Wilno | Riga--Wilno | Rostov--Sochi | Sevastopol--Sochi,42.0,7.0,12.0,5.0,0.5833333333333334,97.0,42.0,0.5670103092783505,54.0412358096374,55.0,59.0,114.0,1.3095238095238095,2.7142857142857144,2.7142857142857144,52.4,42.0,0.9527272727272728,0.7636363636363637
213,Original baseline,"2,3,5,6,13,17,20,21,26,27,31,40","3,21,17,27,13,20,40",Amsterdam--Bruxelles | Barcelona--Pamplona | Berlin--Essen | Berlin--Warzawa | Brest--Paris | Bruxelles--Frankfurt | Bruxelles--Paris | Essen--Frankfurt | Frankfurt--Munchen | Kyiv--Smolensk | Kyiv--Warzawa | Moskva--Smolensk | Munchen--Venezia | Palermo--Roma | Pamplona--Paris | Roma--Venezia | Venezia--Zagrab,43.0,7.0,12.0,5.0,0.5833333333333334,112.0,44.0,0.6071428571428571,68.0,68.0,57.0,125.0,1.5813953488372092,2.9069767441860463,2.9069767441860463,54.8,25.0,0.8058823529411764,0.36764705882352944
213,Learned revised,"2,3,5,6,13,17,20,21,26,27,31,40","21,17,27,13,20,3,40",Amsterdam--Bruxelles | Barcelona--Pamplona | Brest--Paris | Bruxelles--Frankfurt | Bruxelles--Paris | Budapest--Kyiv | Budapest--Zagrab | Essen--Frankfurt | Frankfurt--Munchen | Kyiv--Smolensk | Moskva--Smolensk | Munchen--Venezia | Palermo--Roma | Pamplona--Paris | Roma--Venezia | Venezia--Zagrab,41.0,7.0,12.0,5.0,0.5833333333333334,112.0,44.0,0.6071428571428571,68.2256929096931,68.0,58.0,126.0,1.6585365853658536,3.073170731707317,3.073170731707317,56.8,35.0,0.8352941176470587,0.5147058823529411
214,Original baseline,"2,6,7,12,14,21,23,29,35,36,39,43","14,6,2,29,23,21",Amsterdam--Bruxelles | Angora--Constantinople | Athina--Palermo | Athina--Smyrna | Brest--Paris | Bruxelles--Paris | Bucuresti--Constantinople | Bucuresti--Kyiv | Constantinople--Smyrna | Kharkov--Kyiv | Kharkov--Rostov | Kyiv--Wilno | Marseille--Paris | Pamplona--Paris | Rostov--Sochi,43.0,6.0,12.0,6.0,0.5,110.0,59.0,0.4636363636363636,51.0,51.0,66.0,117.0,1.186046511627907,2.7209302325581395,2.7209302325581395,45.8,32.0,0.8980392156862744,0.6274509803921569
214,Learned revised,"2,6,7,12,14,21,23,29,35,36,39,43","23,14,43,21,36",Amsterdam--London | Athina--Palermo | Athina--Smyrna | Brest--Paris | Brindisi--Roma | Constantinople--Smyrna | Dieppe--London | Dieppe--Paris | Edinburgh--London | Marseille--Paris | Marseille--Roma | Marseille--Zurich | Palermo--Roma | Pamplona--Paris,42.0,5.0,12.0,7.0,0.4166666666666667,110.0,61.0,0.44545454545454544,49.733537400175926,49.0,67.0,116.0,1.1666666666666667,2.761904761904762,2.761904761904762,46.0,41.0,0.9387755102040817,0.8367346938775511
215,Original baseline,"3,4,7,19,20,24,26,27,32,35,43,44","3,7,19,35,4,43,24",Amsterdam--Bruxelles | Amsterdam--Essen | Amsterdam--London | Athina--Sofia | Berlin--Essen | Berlin--Warzawa | Bruxelles--Paris | Bucuresti--Kyiv | Bucuresti--Sofia | Danzic--Riga | Danzic--Warzawa | Edinburgh--London | Kyiv--Smolensk | Kyiv--Warzawa | Kyiv--Wilno,41.0,7.0,12.0,5.0,0.5833333333333334,124.0,49.0,0.6048387096774194,75.0,75.0,57.0,132.0,1.829268292682927,3.2195121951219514,3.2195121951219514,75.0,75.0,1.0,1.0
215,Learned revised,"3,4,7,19,20,24,26,27,32,35,43,44","24,43,20,35,7,19,3",Amsterdam--Bruxelles | Amsterdam--Essen | Amsterdam--London | Athina--Brindisi | Brindisi--Roma | Danzic--Warzawa | Dieppe--London | Dieppe--Paris | Edinburgh--London | Kyiv--Wilno | Paris--Zurich | Roma--Venezia | Smolensk--Wilno | Venezia--Zagrab | Venezia--Zurich | Warzawa--Wien | Warzawa--Wilno | Wien--Zagrab,44.0,7.0,12.0,5.0,0.5833333333333334,124.0,52.0,0.5806451612903226,72.24358511824343,72.0,57.0,129.0,1.6363636363636365,2.9318181818181817,2.9318181818181817,72.0,72.0,1.0,1.0
216,Original baseline,"2,5,13,19,23,28,31,32,35,37,39,43","23,13,39,43,37,28,31",Athina--Brindisi | Athina--Sarajevo | Athina--Smyrna | Brest--Paris | Bucuresti--Budapest | Bucuresti--Sevastopol | Budapest--Zagrab | Dieppe--London | Dieppe--Paris | Edinburgh--London | Marseille--Paris | Marseille--Zurich | Sarajevo--Sofia | Sarajevo--Zagrab | Venezia--Zagrab | Venezia--Zurich,45.0,7.0,12.0,5.0,0.5833333333333334,101.0,40.0,0.6039603960396039,61.0,61.0,65.0,126.0,1.3555555555555556,2.8,2.8,60.0,56.0,0.9836065573770492,0.9180327868852459
216,Learned revised,"2,5,13,19,23,28,31,32,35,37,39,43","23,13,39,43,37,28,31",Athina--Brindisi | Athina--Sarajevo | Athina--Smyrna | Brest--Paris | Bucuresti--Budapest | Bucuresti--Sevastopol | Budapest--Zagrab | Dieppe--London | Dieppe--Paris | Edinburgh--London | Marseille--Paris | Marseille--Zurich | Sarajevo--Sofia | Sarajevo--Zagrab | Venezia--Zagrab | Venezia--Zurich,45.0,7.0,12.0,5.0,0.5833333333333334,101.0,40.0,0.6039603960396039,60.74313756221438,61.0,65.0,126.0,1.3555555555555556,2.8,2.8,60.0,56.0,0.9836065573770492,0.9180327868852459
217,Original baseline,"2,3,5,6,7,10,15,17,26,32,36,37","3,7,6,2,26,32",Amsterdam--Essen | Angora--Constantinople | Athina--Sofia | Berlin--Essen | Berlin--Warzawa | Bucuresti--Constantinople | Bucuresti--Kyiv | Bucuresti--Sofia | Essen--Frankfurt | Essen--Khobenhaven | Kharkov--Kyiv | Kharkov--Rostov | Kyiv--Smolensk | Kyiv--Warzawa | Kyiv--Wilno,43.0,6.0,12.0,6.0,0.5,102.0,46.0,0.5490196078431373,56.0,56.0,60.0,116.0,1.302325581395349,2.697674418604651,2.697674418604651,56.0,56.0,1.0,1.0
217,Learned revised,"2,3,5,6,7,10,15,17,26,32,36,37","15,17,3,7,6,2",Amsterdam--Essen | Angora--Constantinople | Athina--Sofia | Barcelona--Pamplona | Berlin--Essen | Berlin--Warzawa | Bruxelles--Paris | Bucuresti--Constantinople | Bucuresti--Kyiv | Bucuresti--Sofia | Dieppe--Paris | Kharkov--Kyiv | Kyiv--Warzawa | Kyiv--Wilno | Madrid--Pamplona | Pamplona--Paris,45.0,6.0,12.0,6.0,0.5,102.0,43.0,0.5784313725490197,59.58219453223259,59.0,64.0,123.0,1.3111111111111111,2.7333333333333334,2.7333333333333334,55.8,43.0,0.9457627118644067,0.7288135593220338
218,Original baseline,"0,9,10,11,17,22,27,29,32,34,40,43","32,34,29,40,10,0",Angora--Erzurum | Angora--Smyrna | Athina--Palermo | Athina--Smyrna | Constantinople--Smyrna | Erzurum--Sochi | Essen--Frankfurt | Essen--Khobenhaven | Kharkov--Kyiv | Kharkov--Moskva | Kharkov--Rostov | Palermo--Roma | Roma--Venezia | Rostov--Sochi,42.0,6.0,12.0,6.0,0.5,121.0,65.0,0.4628099173553719,56.0,56.0,64.0,120.0,1.3333333333333333,2.857142857142857,2.857142857142857,48.4,18.0,0.8642857142857142,0.32142857142857145
218,Learned revised,"0,9,10,11,17,22,27,29,32,34,40,43","34,29,40,10,0,9",Angora--Erzurum | Angora--Smyrna | Athina--Palermo | Athina--Smyrna | Constantinople--Smyrna | Erzurum--Sochi | Frankfurt--Munchen | Kharkov--Kyiv | Kharkov--Moskva | Kharkov--Rostov | Moskva--Smolensk | Munchen--Venezia | Palermo--Roma | Roma--Venezia | Rostov--Sochi,43.0,6.0,12.0,6.0,0.5,121.0,57.0,0.5289256198347108,63.29850061421945,64.0,64.0,128.0,1.4883720930232558,2.9767441860465116,2.9767441860465116,51.2,13.0,0.8,0.203125
219,Original baseline,"6,8,10,17,21,31,34,35,36,37,43,45","21,17,35,8,31,10,43,36",Amsterdam--Bruxelles | Amsterdam--London | Athina--Brindisi | Athina--Smyrna | Athina--Sofia | Barcelona--Pamplona | Berlin--Warzawa | Brindisi--Roma | Bruxelles--Paris | Edinburgh--London | Moskva--Smolensk | Pamplona--Paris | Paris--Zurich | Roma--Venezia | Smolensk--Wilno | Venezia--Zurich | Warzawa--Wilno,45.0,8.0,12.0,4.0,0.6666666666666666,116.0,43.0,0.6293103448275862,73.0,73.0,61.0,134.0,1.6222222222222222,2.977777777777778,2.977777777777778,67.4,58.0,0.9232876712328768,0.7945205479452054
219,Learned revised,"6,8,10,17,21,31,34,35,36,37,43,45","21,17,34,35,8,45,6",Amsterdam--Bruxelles | Angora--Erzurum | Angora--Smyrna | Athina--Smyrna | Barcelona--Pamplona | Berlin--Essen | Berlin--Warzawa | Bruxelles--Paris | Erzurum--Sochi | Essen--Khobenhaven | Kharkov--Moskva | Kharkov--Rostov | Moskva--Smolensk | Pamplona--Paris | Rostov--Sochi | Smolensk--Wilno | Warzawa--Wilno,45.0,7.0,12.0,5.0,0.5833333333333334,116.0,46.0,0.603448275862069,71.12204625397786,70.0,60.0,130.0,1.5555555555555556,2.888888888888889,2.888888888888889,64.8,55.0,0.9257142857142857,0.7857142857142857
220,Original baseline,"1,7,9,10,15,22,25,36,37,38,39,41","38,15,41,7,9,22,1,25",Amsterdam--Frankfurt | Amsterdam--London | Berlin--Frankfurt | Berlin--Warzawa | Berlin--Wien | Brest--Dieppe | Dieppe--Paris | Essen--Frankfurt | Frankfurt--Paris | Kyiv--Wilno | Madrid--Pamplona | Marseille--Paris | Pamplona--Paris | Petrograd--Wilno | Smolensk--Wilno | Warzawa--Wilno,45.0,8.0,12.0,4.0,0.6666666666666666,110.0,26.0,0.7636363636363637,84.0,84.0,63.0,147.0,1.8666666666666667,3.2666666666666666,3.2666666666666666,64.2,22.0,0.7642857142857143,0.2619047619047619
220,Learned revised,"1,7,9,10,15,22,25,36,37,38,39,41","38,15,41,9,7,22,1,39",Amsterdam--Frankfurt | Amsterdam--London | Berlin--Frankfurt | Berlin--Warzawa | Berlin--Wien | Brest--Dieppe | Budapest--Wien | Dieppe--Paris | Frankfurt--Paris | Kyiv--Wilno | Madrid--Pamplona | Pamplona--Paris | Paris--Zurich | Petrograd--Wilno | Smolensk--Wilno | Warzawa--Wilno,43.0,8.0,12.0,4.0,0.6666666666666666,110.0,28.0,0.7454545454545455,82.89689210223355,82.0,59.0,141.0,1.9069767441860466,3.2790697674418605,3.2790697674418605,61.0,14.0,0.7439024390243902,0.17073170731707318
221,Original baseline,"12,14,15,18,20,26,32,35,37,43,44,45","14,15,44,32,12,20,18,37",Athina--Palermo | Athina--Smyrna | Berlin--Essen | Berlin--Wien | Brindisi--Roma | Cadiz--Madrid | Constantinople--Smyrna | Dieppe--Paris | Essen--Frankfurt | Essen--Khobenhaven | Frankfurt--Paris | Khobenhaven--Stockholm | Madrid--Pamplona | Pamplona--Paris | Roma--Venezia | Venezia--Zagrab | Wien--Zagrab,45.0,8.0,12.0,4.0,0.6666666666666666,128.0,56.0,0.5625,72.0,72.0,63.0,135.0,1.6,3.0,3.0,64.6,43.0,0.8972222222222221,0.5972222222222222
221,Learned revised,"12,14,15,18,20,26,32,35,37,43,44,45","14,35,15,26,32,12",Athina--Palermo | Athina--Smyrna | Berlin--Essen | Berlin--Wien | Constantinople--Smyrna | Dieppe--Paris | Essen--Frankfurt | Essen--Khobenhaven | Frankfurt--Paris | Kharkov--Kyiv | Kharkov--Rostov | Kyiv--Wilno | Madrid--Pamplona | Pamplona--Paris | Smolensk--Wilno | Warzawa--Wilno,45.0,6.0,12.0,6.0,0.5,128.0,85.0,0.3359375,41.753236763779306,43.0,66.0,109.0,0.9555555555555556,2.422222222222222,2.422222222222222,39.8,35.0,0.9255813953488371,0.813953488372093
222,Original baseline,"2,5,11,12,18,20,21,22,30,32,33,40","21,11,12,20,22,18,40",Amsterdam--Bruxelles | Amsterdam--London | Berlin--Wien | Bruxelles--Paris | Budapest--Kyiv | Budapest--Wien | Kyiv--Smolensk | Madrid--Pamplona | Moskva--Smolensk | Munchen--Venezia | Munchen--Wien | Munchen--Zurich | Palermo--Roma | Pamplona--Paris | Paris--Zurich | Roma--Venezia | Wien--Zagrab,45.0,7.0,12.0,5.0,0.5833333333333334,101.0,35.0,0.6534653465346535,66.0,66.0,65.0,131.0,1.4666666666666666,2.911111111111111,2.911111111111111,63.0,51.0,0.9545454545454546,0.7727272727272727
222,Learned revised,"2,5,11,12,18,20,21,22,30,32,33,40","21,11,12,20,22,18,40",Amsterdam--Bruxelles | Amsterdam--London | Berlin--Wien | Bruxelles--Paris | Budapest--Kyiv | Budapest--Wien | Kyiv--Smolensk | Madrid--Pamplona | Moskva--Smolensk | Munchen--Venezia | Munchen--Wien | Munchen--Zurich | Palermo--Roma | Pamplona--Paris | Paris--Zurich | Roma--Venezia | Wien--Zagrab,45.0,7.0,12.0,5.0,0.5833333333333334,101.0,35.0,0.6534653465346535,67.35351864638642,66.0,65.0,131.0,1.4666666666666666,2.911111111111111,2.911111111111111,63.0,51.0,0.9545454545454546,0.7727272727272727
223,Original baseline,"1,5,13,18,20,23,25,26,28,34,38,45","23,13,20,1,18,25,5,45",Berlin--Essen | Berlin--Wien | Brest--Paris | Bucuresti--Budapest | Bucuresti--Sevastopol | Budapest--Wien | Dieppe--London | Dieppe--Paris | Erzurum--Sevastopol | Essen--Khobenhaven | Khobenhaven--Stockholm | Marseille--Paris | Marseille--Zurich | Roma--Venezia | Venezia--Zagrab | Venezia--Zurich | Wien--Zagrab,44.0,8.0,12.0,4.0,0.6666666666666666,107.0,27.0,0.7476635514018691,80.0,80.0,60.0,140.0,1.8181818181818181,3.1818181818181817,3.1818181818181817,80.0,80.0,1.0,1.0
223,Learned revised,"1,5,13,18,20,23,25,26,28,34,38,45","38,23,13,20,1,18,25,5,34",Berlin--Essen | Berlin--Wien | Brest--Paris | Dieppe--London | Dieppe--Paris | Erzurum--Sochi | Essen--Khobenhaven | Khobenhaven--Stockholm | Kyiv--Wilno | Marseille--Paris | Marseille--Zurich | Petrograd--Wilno | Roma--Venezia | Rostov--Sochi | Venezia--Zagrab | Venezia--Zurich | Wien--Zagrab,42.0,9.0,12.0,3.0,0.75,107.0,37.0,0.6542056074766355,70.24427993920675,70.0,53.0,123.0,1.6666666666666667,2.9285714285714284,2.9285714285714284,70.0,70.0,1.0,1.0
224,Original baseline,"0,7,10,15,18,20,25,26,27,32,33,38","38,15,32,25,27,18,7",Amsterdam--Frankfurt | Barcelona--Marseille | Berlin--Essen | Berlin--Warzawa | Dieppe--Paris | Essen--Frankfurt | Essen--Khobenhaven | Frankfurt--Munchen | Kyiv--Wilno | Madrid--Pamplona | Marseille--Roma | Marseille--Zurich | Munchen--Zurich | Pamplona--Paris | Petrograd--Wilno | Warzawa--Wilno,44.0,7.0,12.0,5.0,0.5833333333333334,94.0,38.0,0.5957446808510638,56.0,56.0,62.0,118.0,1.2727272727272727,2.6818181818181817,2.6818181818181817,48.6,39.0,0.8678571428571429,0.6964285714285714
224,Learned revised,"0,7,10,15,18,20,25,26,27,32,33,38","38,15,33,0,10,18,7",Amsterdam--Frankfurt | Berlin--Frankfurt | Berlin--Wien | Budapest--Kyiv | Budapest--Sarajevo | Budapest--Wien | Budapest--Zagrab | Constantinople--Smyrna | Constantinople--Sofia | Dieppe--Paris | Kyiv--Wilno | Madrid--Pamplona | Pamplona--Paris | Petrograd--Wilno | Roma--Venezia | Sarajevo--Sofia | Venezia--Zagrab,45.0,7.0,12.0,5.0,0.5833333333333334,94.0,36.0,0.6170212765957447,58.05974738697711,58.0,65.0,123.0,1.288888888888889,2.7333333333333334,2.7333333333333334,51.6,46.0,0.8896551724137931,0.7931034482758621
225,Original baseline,"1,4,6,10,17,18,21,22,28,39,40,43","4,6,40,10,18,28",Athina--Palermo | Athina--Smyrna | Athina--Sofia | Berlin--Danzic | Bucuresti--Kyiv | Bucuresti--Sevastopol | Bucuresti--Sofia | Danzic--Riga | Kyiv--Smolensk | Kyiv--Wilno | Moskva--Smolensk | Palermo--Roma | Riga--Wilno | Sarajevo--Sofia,44.0,6.0,12.0,6.0,0.5,125.0,59.0,0.528,66.0,66.0,69.0,135.0,1.5,3.0681818181818183,3.0681818181818183,64.4,58.0,0.9757575757575758,0.8787878787878788
225,Learned revised,"1,4,6,10,17,18,21,22,28,39,40,43","21,17,4,6,40,10",Amsterdam--Bruxelles | Athina--Palermo | Athina--Smyrna | Athina--Sofia | Barcelona--Pamplona | Bruxelles--Paris | Bucuresti--Kyiv | Bucuresti--Sofia | Kyiv--Smolensk | Kyiv--Wilno | Moskva--Smolensk | Palermo--Roma | Pamplona--Paris | Riga--Wilno,41.0,6.0,12.0,6.0,0.5,125.0,61.0,0.512,64.05666692497968,64.0,64.0,128.0,1.5609756097560976,3.1219512195121952,3.1219512195121952,59.4,49.0,0.928125,0.765625
226,Original baseline,"6,8,10,15,17,18,19,28,37,38,40,41","38,40,6,8,41,18",Athina--Palermo | Athina--Sofia | Berlin--Frankfurt | Berlin--Warzawa | Brest--Paris | Bucuresti--Kyiv | Bucuresti--Sofia | Frankfurt--Paris | Kyiv--Wilno | Moskva--Petrograd | Palermo--Roma | Petrograd--Wilno | Warzawa--Wilno,45.0,6.0,12.0,6.0,0.5,125.0,47.0,0.624,78.0,78.0,74.0,152.0,1.7333333333333334,3.3777777777777778,3.3777777777777778,74.0,58.0,0.9487179487179487,0.7435897435897436
226,Learned revised,"6,8,10,15,17,18,19,28,37,38,40,41","38,8,41,40,18,6,10",Athina--Brindisi | Athina--Smyrna | Berlin--Frankfurt | Berlin--Warzawa | Brest--Paris | Brindisi--Roma | Frankfurt--Munchen | Frankfurt--Paris | Kyiv--Wilno | Moskva--Petrograd | Munchen--Venezia | Palermo--Roma | Petrograd--Wilno | Roma--Venezia | Warzawa--Wilno,44.0,7.0,12.0,5.0,0.5833333333333334,125.0,39.0,0.688,86.48293819049519,86.0,63.0,149.0,1.9545454545454546,3.3863636363636362,3.3863636363636362,64.4,26.0,0.7488372093023257,0.3023255813953488
227,Original baseline,"11,13,14,15,19,20,27,29,38,39,43,45","14,38,15,11,13,20,43",Athina--Palermo | Athina--Smyrna | Brest--Dieppe | Constantinople--Smyrna | Dieppe--London | Dieppe--Paris | Edinburgh--London | Kyiv--Wilno | Madrid--Pamplona | Palermo--Roma | Pamplona--Paris | Paris--Zurich | Petrograd--Wilno | Roma--Venezia | Venezia--Zagrab | Venezia--Zurich,45.0,7.0,12.0,5.0,0.5833333333333334,118.0,52.0,0.559322033898305,66.0,66.0,68.0,134.0,1.4666666666666666,2.977777777777778,2.977777777777778,61.2,50.0,0.9272727272727274,0.7575757575757576
227,Learned revised,"11,13,14,15,19,20,27,29,38,39,43,45","38,14,15,11,13,20,39,27",Athina--Palermo | Athina--Smyrna | Barcelona--Pamplona | Brest--Dieppe | Budapest--Zagrab | Constantinople--Smyrna | Dieppe--Paris | Kyiv--Wilno | Madrid--Pamplona | Munchen--Zurich | Pamplona--Paris | Paris--Zurich | Petrograd--Wilno | Venezia--Zagrab | Venezia--Zurich,39.0,8.0,12.0,4.0,0.6666666666666666,118.0,59.0,0.5,59.145055404247714,59.0,56.0,115.0,1.5128205128205128,2.948717948717949,2.948717948717949,52.6,35.0,0.8915254237288136,0.5932203389830508
228,Original baseline,"1,9,11,13,15,22,30,33,35,36,37,44","15,11,13,1,22,44,36,37,35",Berlin--Essen | Berlin--Wien | Brest--Dieppe | Brindisi--Roma | Cadiz--Madrid | Dieppe--London | Dieppe--Paris | Essen--Khobenhaven | Khobenhaven--Stockholm | Madrid--Pamplona | Pamplona--Paris | Paris--Zurich | Roma--Venezia | Smolensk--Wilno | Venezia--Zagrab | Venezia--Zurich | Warzawa--Wilno | Wien--Zagrab,45.0,9.0,12.0,3.0,0.75,103.0,23.0,0.7766990291262136,80.0,80.0,56.0,136.0,1.7777777777777777,3.022222222222222,3.022222222222222,72.6,43.0,0.9075,0.5375
228,Learned revised,"1,9,11,13,15,22,30,33,35,36,37,44","33,30,35,9,22,1,15,11,13",Amsterdam--Frankfurt | Amsterdam--London | Angora--Smyrna | Athina--Smyrna | Berlin--Frankfurt | Berlin--Warzawa | Berlin--Wien | Brest--Dieppe | Budapest--Sarajevo | Dieppe--Paris | Madrid--Pamplona | Pamplona--Paris | Paris--Zurich | Sarajevo--Sofia | Smolensk--Wilno | Venezia--Zurich | Warzawa--Wilno,45.0,9.0,12.0,3.0,0.75,103.0,33.0,0.6796116504854369,69.30154448527539,70.0,59.0,129.0,1.5555555555555556,2.8666666666666667,2.8666666666666667,56.4,40.0,0.8057142857142857,0.5714285714285714
229,Original baseline,"0,1,8,13,17,18,23,30,37,39,40,43","23,13,17,39,1,43,0,30",Angora--Constantinople | Athina--Sarajevo | Athina--Smyrna | Barcelona--Marseille | Brest--Paris | Bruxelles--Paris | Budapest--Wien | Budapest--Zagrab | Constantinople--Smyrna | Dieppe--London | Dieppe--Paris | Edinburgh--London | Marseille--Paris | Marseille--Zurich | Sarajevo--Zagrab | Venezia--Zagrab | Venezia--Zurich,42.0,8.0,12.0,4.0,0.6666666666666666,122.0,47.0,0.6147540983606558,75.0,75.0,56.0,131.0,1.7857142857142858,3.119047619047619,3.119047619047619,72.0,60.0,0.96,0.8
229,Learned revised,"0,1,8,13,17,18,23,30,37,39,40,43","23,13,17,39,1,43,0,37",Athina--Brindisi | Athina--Sarajevo | Athina--Smyrna | Barcelona--Marseille | Brest--Paris | Bruxelles--Paris | Budapest--Wien | Budapest--Zagrab | Constantinople--Smyrna | Dieppe--London | Dieppe--Paris | Edinburgh--London | Marseille--Paris | Marseille--Zurich | Sarajevo--Zagrab | Venezia--Zagrab | Venezia--Zurich,44.0,8.0,12.0,4.0,0.6666666666666666,122.0,46.0,0.6229508196721312,76.58447277841904,76.0,61.0,137.0,1.7272727272727273,3.1136363636363638,3.1136363636363638,74.0,66.0,0.9736842105263158,0.868421052631579
230,Original baseline,"1,3,12,14,16,21,24,29,32,35,41,45","14,3,16,45,29,32,35",Athina--Palermo | Athina--Smyrna | Berlin--Essen | Berlin--Warzawa | Bucuresti--Kyiv | Bucuresti--Sevastopol | Constantinople--Smyrna | Erzurum--Sevastopol | Essen--Frankfurt | Essen--Khobenhaven | Kyiv--Smolensk | Kyiv--Warzawa | Sevastopol--Sochi,42.0,7.0,12.0,5.0,0.5833333333333334,118.0,52.0,0.559322033898305,66.0,66.0,68.0,134.0,1.5714285714285714,3.1904761904761907,3.1904761904761907,64.4,58.0,0.9757575757575758,0.8787878787878788
230,Learned revised,"1,3,12,14,16,21,24,29,32,35,41,45","14,21,24,1,12,3,32",Amsterdam--Bruxelles | Amsterdam--Frankfurt | Amsterdam--London | Athina--Palermo | Athina--Smyrna | Bruxelles--Paris | Budapest--Kyiv | Budapest--Wien | Constantinople--Smyrna | Edinburgh--London | Essen--Frankfurt | Essen--Khobenhaven | Frankfurt--Munchen | Munchen--Wien | Pamplona--Paris,42.0,7.0,12.0,5.0,0.5833333333333334,118.0,63.0,0.4661016949152542,54.7098134313664,55.0,68.0,123.0,1.3095238095238095,2.9285714285714284,2.9285714285714284,42.8,27.0,0.7781818181818181,0.4909090909090909
231,Original baseline,"2,5,7,14,15,16,22,23,27,31,41,44","14,31,23,15,27,41",Athina--Palermo | Athina--Smyrna | Athina--Sofia | Barcelona--Madrid | Barcelona--Marseille | Brest--Paris | Constantinople--Smyrna | Dieppe--Paris | Marseille--Paris | Marseille--Zurich | Munchen--Wien | Munchen--Zurich | Petrograd--Wilno | Warzawa--Wien | Warzawa--Wilno,45.0,6.0,12.0,6.0,0.5,124.0,68.0,0.45161290322580644,56.0,56.0,70.0,126.0,1.2444444444444445,2.8,2.8,53.4,43.0,0.9535714285714285,0.7678571428571429
231,Learned revised,"2,5,7,14,15,16,22,23,27,31,41,44","23,15,27,41,44,5",Barcelona--Madrid | Barcelona--Marseille | Brest--Paris | Cadiz--Madrid | Dieppe--Paris | Marseille--Paris | Marseille--Zurich | Munchen--Wien | Munchen--Zurich | Petrograd--Stockholm | Petrograd--Wilno | Warzawa--Wien | Warzawa--Wilno,43.0,6.0,12.0,6.0,0.5,124.0,50.0,0.5967741935483871,73.72194091340272,74.0,72.0,146.0,1.7209302325581395,3.395348837209302,3.395348837209302,74.0,74.0,1.0,1.0
232,Original baseline,"4,9,13,15,18,20,28,34,37,38,43,44","38,4,15,44,13,20",Brest--Dieppe | Bucuresti--Kyiv | Cadiz--Madrid | Dieppe--Paris | Essen--Frankfurt | Essen--Khobenhaven | Frankfurt--Munchen | Frankfurt--Paris | Khobenhaven--Stockholm | Kyiv--Wilno | Madrid--Pamplona | Munchen--Venezia | Pamplona--Paris | Petrograd--Wilno | Riga--Wilno | Venezia--Zagrab,44.0,6.0,12.0,6.0,0.5,122.0,62.0,0.4918032786885246,60.0,60.0,61.0,121.0,1.3636363636363635,2.75,2.75,51.2,31.0,0.8533333333333334,0.5166666666666667
232,Learned revised,"4,9,13,15,18,20,28,34,37,38,43,44","38,4,34,15,44",Bucuresti--Kyiv | Cadiz--Madrid | Dieppe--Paris | Erzurum--Sochi | Essen--Frankfurt | Essen--Khobenhaven | Frankfurt--Paris | Khobenhaven--Stockholm | Kyiv--Wilno | Madrid--Pamplona | Pamplona--Paris | Petrograd--Wilno | Riga--Wilno | Rostov--Sochi,41.0,5.0,12.0,7.0,0.4166666666666667,122.0,72.0,0.4098360655737705,50.374373376596495,50.0,59.0,109.0,1.2195121951219512,2.658536585365854,2.658536585365854,44.2,21.0,0.884,0.42
233,Original baseline,"2,7,10,11,12,16,19,20,21,30,35,40","16,12,20,19,7,21,35,40",Amsterdam--Bruxelles | Berlin--Danzic | Berlin--Frankfurt | Berlin--Wien | Bruxelles--Frankfurt | Bucuresti--Budapest | Budapest--Wien | Danzic--Warzawa | Frankfurt--Paris | Moskva--Smolensk | Palermo--Roma | Pamplona--Paris | Roma--Venezia | Smolensk--Wilno | Venezia--Zagrab | Warzawa--Wilno | Wien--Zagrab,44.0,8.0,12.0,4.0,0.6666666666666666,108.0,31.0,0.7129629629629629,77.0,77.0,59.0,136.0,1.75,3.090909090909091,3.090909090909091,68.4,41.0,0.8883116883116884,0.5324675324675324
233,Learned revised,"2,7,10,11,12,16,19,20,21,30,35,40","21,11,12,20,7,19,35,40",Amsterdam--Bruxelles | Bruxelles--Paris | Danzic--Warzawa | Madrid--Pamplona | Moskva--Smolensk | Munchen--Venezia | Munchen--Wien | Munchen--Zurich | Palermo--Roma | Pamplona--Paris | Paris--Zurich | Roma--Venezia | Smolensk--Wilno | Warzawa--Wien | Warzawa--Wilno | Wien--Zagrab,42.0,8.0,12.0,4.0,0.6666666666666666,108.0,31.0,0.7129629629629629,77.64437828920293,77.0,56.0,133.0,1.8333333333333333,3.1666666666666665,3.1666666666666665,74.0,62.0,0.961038961038961,0.8051948051948052
234,Original baseline,"10,14,16,22,28,30,31,34,35,40,44,45","14,10,30,40,31,35,16,28",Angora--Constantinople | Athina--Palermo | Athina--Smyrna | Berlin--Warzawa | Bucuresti--Constantinople | Bucuresti--Kyiv | Bucuresti--Sevastopol | Bucuresti--Sofia | Constantinople--Smyrna | Kyiv--Smolensk | Kyiv--Warzawa | Moskva--Smolensk | Palermo--Roma | Sarajevo--Sofia,44.0,8.0,12.0,4.0,0.6666666666666666,122.0,54.0,0.5573770491803278,68.0,68.0,70.0,138.0,1.5454545454545454,3.1363636363636362,3.1363636363636362,59.8,27.0,0.8794117647058823,0.39705882352941174
234,Learned revised,"10,14,16,22,28,30,31,34,35,40,44,45","14,10,30,40,35,16,45",Angora--Constantinople | Angora--Erzurum | Athina--Palermo | Athina--Smyrna | Berlin--Essen | Berlin--Warzawa | Bucuresti--Constantinople | Bucuresti--Kyiv | Constantinople--Smyrna | Essen--Khobenhaven | Kyiv--Smolensk | Kyiv--Warzawa | Moskva--Smolensk | Palermo--Roma,44.0,7.0,12.0,5.0,0.5833333333333334,122.0,46.0,0.6229508196721312,74.44756502644535,76.0,69.0,145.0,1.7272727272727273,3.2954545454545454,3.2954545454545454,67.8,35.0,0.8921052631578947,0.4605263157894737
235,Original baseline,"4,20,21,22,24,25,31,34,37,38,44,45","38,4,45,34,21",Amsterdam--Bruxelles | Bruxelles--Paris | Bucuresti--Kyiv | Bucuresti--Sevastopol | Erzurum--Sevastopol | Khobenhaven--Stockholm | Kyiv--Wilno | Pamplona--Paris | Petrograd--Stockholm | Petrograd--Wilno | Riga--Wilno | Rostov--Sevastopol,44.0,5.0,12.0,7.0,0.4166666666666667,110.0,61.0,0.44545454545454544,49.0,49.0,79.0,128.0,1.1136363636363635,2.909090909090909,2.909090909090909,47.6,42.0,0.9714285714285714,0.8571428571428571
235,Learned revised,"4,20,21,22,24,25,31,34,37,38,44,45","38,4,45,34,21",Amsterdam--Bruxelles | Bruxelles--Paris | Bucuresti--Kyiv | Bucuresti--Sevastopol | Erzurum--Sevastopol | Khobenhaven--Stockholm | Kyiv--Wilno | Pamplona--Paris | Petrograd--Stockholm | Petrograd--Wilno | Riga--Wilno | Rostov--Sevastopol,44.0,5.0,12.0,7.0,0.4166666666666667,110.0,61.0,0.44545454545454544,49.943809931987786,49.0,79.0,128.0,1.1136363636363635,2.909090909090909,2.909090909090909,47.6,42.0,0.9714285714285714,0.8571428571428571
236,Original baseline,"0,3,7,10,14,23,32,34,35,36,37,44","14,10,0,36,37,23,3,7",Amsterdam--Essen | Athina--Palermo | Athina--Smyrna | Berlin--Essen | Berlin--Warzawa | Brest--Paris | Brindisi--Roma | Constantinople--Smyrna | Kyiv--Warzawa | Kyiv--Wilno | Marseille--Paris | Palermo--Roma | Roma--Venezia | Venezia--Zagrab | Venezia--Zurich,44.0,8.0,12.0,4.0,0.6666666666666666,104.0,37.0,0.6442307692307693,67.0,67.0,67.0,134.0,1.5227272727272727,3.0454545454545454,3.0454545454545454,61.8,41.0,0.9223880597014925,0.6119402985074627
236,Learned revised,"0,3,7,10,14,23,32,34,35,36,37,44","23,14,10,0,36,37,34,3",Athina--Palermo | Athina--Smyrna | Berlin--Essen | Berlin--Warzawa | Brest--Paris | Brindisi--Roma | Constantinople--Smyrna | Erzurum--Sochi | Kyiv--Warzawa | Marseille--Paris | Palermo--Roma | Roma--Venezia | Rostov--Sochi | Venezia--Zagrab | Venezia--Zurich,44.0,8.0,12.0,4.0,0.6666666666666666,104.0,44.0,0.5769230769230769,60.03887375178924,60.0,67.0,127.0,1.3636363636363635,2.8863636363636362,2.8863636363636362,54.8,34.0,0.9133333333333333,0.5666666666666667
237,Original baseline,"3,6,7,13,16,24,33,34,35,39,43,44","3,16,7,43,6,24,35,33,39",Amsterdam--Bruxelles | Amsterdam--Essen | Amsterdam--London | Athina--Sofia | Berlin--Essen | Berlin--Warzawa | Bruxelles--Paris | Bucuresti--Budapest | Bucuresti--Kyiv | Bucuresti--Sofia | Edinburgh--London | Kyiv--Smolensk | Kyiv--Warzawa | Kyiv--Wilno | Paris--Zurich,43.0,9.0,12.0,3.0,0.75,120.0,34.0,0.7166666666666667,86.0,86.0,62.0,148.0,2.0,3.441860465116279,3.441860465116279,86.0,86.0,1.0,1.0
237,Learned revised,"3,6,7,13,16,24,33,34,35,39,43,44","34,16,33,3,7,6,43,24,39",Amsterdam--Bruxelles | Amsterdam--Essen | Amsterdam--London | Athina--Sofia | Berlin--Essen | Berlin--Wien | Bruxelles--Paris | Bucuresti--Budapest | Bucuresti--Kyiv | Bucuresti--Sofia | Budapest--Wien | Edinburgh--London | Erzurum--Sochi | Kyiv--Wilno | Paris--Zurich | Rostov--Sochi,41.0,9.0,12.0,3.0,0.75,120.0,35.0,0.7083333333333334,86.03444689427361,85.0,55.0,140.0,2.073170731707317,3.4146341463414633,3.4146341463414633,85.0,85.0,1.0,1.0
238,Original baseline,"0,3,12,14,15,18,22,26,33,37,43,45","14,0,43,18,22,45,37",Amsterdam--Frankfurt | Amsterdam--London | Angora--Constantinople | Angora--Erzurum | Athina--Palermo | Athina--Smyrna | Berlin--Frankfurt | Brindisi--Roma | Constantinople--Smyrna | Edinburgh--London | Essen--Frankfurt | Essen--Khobenhaven | Frankfurt--Munchen | Munchen--Venezia | Palermo--Roma | Roma--Venezia | Venezia--Zagrab,45.0,7.0,12.0,5.0,0.5833333333333334,121.0,39.0,0.6776859504132231,82.0,82.0,63.0,145.0,1.8222222222222222,3.2222222222222223,3.2222222222222223,55.2,31.0,0.6731707317073171,0.3780487804878049
238,Learned revised,"0,3,12,14,15,18,22,26,33,37,43,45","14,0,43,18,22,45,37",Amsterdam--Frankfurt | Amsterdam--London | Angora--Constantinople | Angora--Erzurum | Athina--Palermo | Athina--Smyrna | Berlin--Frankfurt | Brindisi--Roma | Constantinople--Smyrna | Edinburgh--London | Essen--Frankfurt | Essen--Khobenhaven | Frankfurt--Munchen | Munchen--Venezia | Palermo--Roma | Roma--Venezia | Venezia--Zagrab,45.0,7.0,12.0,5.0,0.5833333333333334,121.0,39.0,0.6776859504132231,83.01320050869819,82.0,63.0,145.0,1.8222222222222222,3.2222222222222223,3.2222222222222223,55.2,31.0,0.6731707317073171,0.3780487804878049
239,Original baseline,"7,9,12,16,17,29,30,31,32,36,43,45","16,45,32,12,9,29,7,30",Amsterdam--Frankfurt | Angora--Smyrna | Athina--Smyrna | Berlin--Essen | Berlin--Wien | Bucuresti--Budapest | Bucuresti--Kyiv | Bucuresti--Sevastopol | Budapest--Wien | Erzurum--Sevastopol | Essen--Frankfurt | Essen--Khobenhaven | Frankfurt--Paris | Kyiv--Smolensk | Kyiv--Wilno | Sevastopol--Sochi,44.0,8.0,12.0,4.0,0.6666666666666666,120.0,40.0,0.6666666666666666,80.0,80.0,61.0,141.0,1.8181818181818181,3.2045454545454546,3.2045454545454546,76.6,68.0,0.9574999999999999,0.85
239,Learned revised,"7,9,12,16,17,29,30,31,32,36,43,45","31,30,16,45,43,7,29",Amsterdam--Essen | Amsterdam--London | Angora--Erzurum | Angora--Smyrna | Athina--Smyrna | Athina--Sofia | Berlin--Essen | Berlin--Wien | Bucuresti--Budapest | Bucuresti--Kyiv | Bucuresti--Sofia | Budapest--Wien | Edinburgh--London | Erzurum--Sochi | Essen--Khobenhaven | Kyiv--Wilno,44.0,7.0,12.0,5.0,0.5833333333333334,120.0,40.0,0.6666666666666666,79.29749655284147,80.0,60.0,140.0,1.8181818181818181,3.1818181818181817,3.1818181818181817,72.2,41.0,0.9025000000000001,0.5125
240,Original baseline,"2,3,7,10,12,17,21,23,24,36,38,42","23,17,21,24,42,12,7",Amsterdam--Bruxelles | Amsterdam--London | Barcelona--Madrid | Barcelona--Marseille | Barcelona--Pamplona | Berlin--Danzic | Berlin--Frankfurt | Berlin--Wien | Brest--Paris | Bruxelles--Frankfurt | Bruxelles--Paris | Danzic--Warzawa | Edinburgh--London | Lisboa--Madrid | Marseille--Paris | Warzawa--Wilno,43.0,7.0,12.0,5.0,0.5833333333333334,109.0,40.0,0.6330275229357798,69.0,69.0,58.0,127.0,1.6046511627906976,2.953488372093023,2.953488372093023,61.0,29.0,0.8840579710144928,0.42028985507246375
240,Learned revised,"2,3,7,10,12,17,21,23,24,36,38,42","38,23,17,21,24,42,12",Amsterdam--Bruxelles | Amsterdam--London | Barcelona--Madrid | Barcelona--Marseille | Barcelona--Pamplona | Berlin--Danzic | Berlin--Frankfurt | Berlin--Wien | Brest--Paris | Bruxelles--Frankfurt | Bruxelles--Paris | Edinburgh--London | Kyiv--Wilno | Lisboa--Madrid | Marseille--Paris | Petrograd--Wilno,44.0,7.0,12.0,5.0,0.5833333333333334,109.0,46.0,0.5779816513761468,63.838725415841544,63.0,61.0,124.0,1.4318181818181819,2.8181818181818183,2.8181818181818183,57.4,35.0,0.9111111111111111,0.5555555555555556
241,Original baseline,"0,4,7,10,11,12,16,29,37,41,42,43","4,29,16,7,41,12",Amsterdam--Bruxelles | Amsterdam--Frankfurt | Berlin--Danzic | Berlin--Frankfurt | Berlin--Wien | Brest--Dieppe | Bruxelles--Dieppe | Bucuresti--Kyiv | Bucuresti--Sevastopol | Danzic--Riga | Dieppe--Paris | Kyiv--Wilno | Petrograd--Riga | Riga--Wilno | Sevastopol--Sochi,40.0,6.0,12.0,6.0,0.5,139.0,73.0,0.4748201438848921,66.0,66.0,56.0,122.0,1.65,3.05,3.05,50.0,26.0,0.7575757575757576,0.3939393939393939
241,Learned revised,"0,4,7,10,11,12,16,29,37,41,42,43","16,4,41,12,42,11,0",Berlin--Danzic | Berlin--Frankfurt | Berlin--Wien | Brest--Paris | Bucuresti--Budapest | Bucuresti--Constantinople | Budapest--Wien | Danzic--Riga | Frankfurt--Paris | Lisboa--Madrid | Madrid--Pamplona | Pamplona--Paris | Paris--Zurich | Petrograd--Riga | Venezia--Zurich,45.0,7.0,12.0,5.0,0.5833333333333334,139.0,55.0,0.60431654676259,84.97554836169286,84.0,64.0,148.0,1.8666666666666667,3.2888888888888888,3.2888888888888888,66.8,26.0,0.7952380952380952,0.30952380952380953
242,Original baseline,"3,6,19,26,28,30,31,35,36,37,38,41","38,6,31,30,28,26,35,3",Angora--Smyrna | Athina--Smyrna | Athina--Sofia | Berlin--Essen | Berlin--Warzawa | Bucuresti--Kyiv | Bucuresti--Sevastopol | Bucuresti--Sofia | Kyiv--Smolensk | Kyiv--Wilno | Petrograd--Wilno | Rostov--Sevastopol | Sarajevo--Sofia | Warzawa--Wilno,42.0,8.0,12.0,4.0,0.6666666666666666,100.0,41.0,0.59,59.0,59.0,61.0,120.0,1.4047619047619047,2.857142857142857,2.857142857142857,57.0,49.0,0.9661016949152542,0.8305084745762712
242,Learned revised,"3,6,19,26,28,30,31,35,36,37,38,41","38,6,31,30,28,26,35,3",Angora--Smyrna | Athina--Smyrna | Athina--Sofia | Berlin--Essen | Berlin--Warzawa | Bucuresti--Kyiv | Bucuresti--Sevastopol | Bucuresti--Sofia | Kyiv--Smolensk | Kyiv--Wilno | Petrograd--Wilno | Rostov--Sevastopol | Sarajevo--Sofia | Warzawa--Wilno,42.0,8.0,12.0,4.0,0.6666666666666666,100.0,41.0,0.59,58.39692833104038,59.0,61.0,120.0,1.4047619047619047,2.857142857142857,2.857142857142857,57.0,49.0,0.9661016949152542,0.8305084745762712
243,Original baseline,"1,2,8,10,14,19,21,28,31,34,35,36","14,10,31,28,2,34,21",Amsterdam--Bruxelles | Angora--Constantinople | Angora--Erzurum | Athina--Palermo | Athina--Smyrna | Athina--Sofia | Bruxelles--Paris | Constantinople--Sevastopol | Constantinople--Smyrna | Kharkov--Rostov | Palermo--Roma | Pamplona--Paris | Rostov--Sevastopol | Sarajevo--Sofia,41.0,7.0,12.0,5.0,0.5833333333333334,94.0,43.0,0.5425531914893617,51.0,51.0,64.0,115.0,1.2439024390243902,2.8048780487804876,2.8048780487804876,43.8,22.0,0.8588235294117647,0.43137254901960786
243,Learned revised,"1,2,8,10,14,19,21,28,31,34,35,36","21,14,10,31,28,2,34",Amsterdam--Bruxelles | Angora--Constantinople | Angora--Erzurum | Athina--Palermo | Athina--Smyrna | Athina--Sofia | Bruxelles--Paris | Constantinople--Sevastopol | Constantinople--Smyrna | Kharkov--Rostov | Palermo--Roma | Pamplona--Paris | Rostov--Sevastopol | Sarajevo--Sofia,41.0,7.0,12.0,5.0,0.5833333333333334,94.0,43.0,0.5425531914893617,50.0716377294082,51.0,64.0,115.0,1.2439024390243902,2.8048780487804876,2.8048780487804876,43.8,22.0,0.8588235294117647,0.43137254901960786
244,Original baseline,"3,5,6,7,10,13,26,28,32,33,38,41","38,6,33,5,3,7,41,13",Amsterdam--Bruxelles | Amsterdam--Essen | Athina--Sofia | Berlin--Essen | Berlin--Wien | Brest--Dieppe | Bruxelles--Dieppe | Bucuresti--Budapest | Bucuresti--Kyiv | Bucuresti--Sofia | Budapest--Wien | Kyiv--Wilno | Petrograd--Stockholm | Petrograd--Wilno | Venezia--Zagrab | Wien--Zagrab,45.0,8.0,12.0,4.0,0.6666666666666666,111.0,29.0,0.7387387387387387,82.0,82.0,70.0,152.0,1.8222222222222222,3.3777777777777778,3.3777777777777778,82.0,82.0,1.0,1.0
244,Learned revised,"3,5,6,7,10,13,26,28,32,33,38,41","38,6,33,5,3,7,41,13",Amsterdam--Bruxelles | Amsterdam--Essen | Athina--Sofia | Berlin--Essen | Berlin--Wien | Brest--Dieppe | Bruxelles--Dieppe | Bucuresti--Budapest | Bucuresti--Kyiv | Bucuresti--Sofia | Budapest--Wien | Kyiv--Wilno | Petrograd--Stockholm | Petrograd--Wilno | Venezia--Zagrab | Wien--Zagrab,45.0,8.0,12.0,4.0,0.6666666666666666,111.0,29.0,0.7387387387387387,82.69404262958216,82.0,70.0,152.0,1.8222222222222222,3.3777777777777778,3.3777777777777778,82.0,82.0,1.0,1.0
245,Original baseline,"7,9,12,15,17,19,20,24,26,33,39,45","15,17,24,33,19,12,20,7,9",Amsterdam--Bruxelles | Barcelona--Pamplona | Berlin--Danzic | Berlin--Frankfurt | Berlin--Wien | Bruxelles--Frankfurt | Bruxelles--Paris | Budapest--Sarajevo | Danzic--Warzawa | Dieppe--London | Dieppe--Paris | Edinburgh--London | Madrid--Pamplona | Pamplona--Paris | Sarajevo--Sofia | Smolensk--Wilno | Warzawa--Wilno | Wien--Zagrab,45.0,9.0,12.0,3.0,0.75,112.0,35.0,0.6875,77.0,77.0,58.0,135.0,1.711111111111111,3.0,3.0,64.0,28.0,0.8311688311688312,0.36363636363636365
245,Learned revised,"7,9,12,15,17,19,20,24,26,33,39,45","33,24,15,17,12,20,9,7",Amsterdam--Bruxelles | Barcelona--Pamplona | Bruxelles--Frankfurt | Bruxelles--Paris | Budapest--Kyiv | Budapest--Sarajevo | Budapest--Wien | Dieppe--London | Dieppe--Paris | Edinburgh--London | Frankfurt--Munchen | Kyiv--Smolensk | Kyiv--Wilno | Madrid--Pamplona | Munchen--Wien | Pamplona--Paris | Sarajevo--Sofia | Wien--Zagrab,45.0,8.0,12.0,4.0,0.6666666666666666,112.0,44.0,0.6071428571428571,67.91948201427485,68.0,64.0,132.0,1.511111111111111,2.933333333333333,2.933333333333333,56.8,28.0,0.8352941176470587,0.4117647058823529
246,Original baseline,"3,4,11,16,20,21,22,24,29,31,32,39","3,16,4,29,22,21,24",Amsterdam--Bruxelles | Amsterdam--Essen | Amsterdam--London | Berlin--Essen | Berlin--Warzawa | Bruxelles--Paris | Bucuresti--Kyiv | Bucuresti--Sevastopol | Danzic--Riga | Danzic--Warzawa | Edinburgh--London | Kyiv--Warzawa | Pamplona--Paris | Sevastopol--Sochi,41.0,7.0,12.0,5.0,0.5833333333333334,88.0,31.0,0.6477272727272727,57.0,57.0,61.0,118.0,1.3902439024390243,2.8780487804878048,2.8780487804878048,55.6,50.0,0.9754385964912281,0.8771929824561403
246,Learned revised,"3,4,11,16,20,21,22,24,29,31,32,39","21,11,20,39,3,22,16,24,31",Amsterdam--Bruxelles | Amsterdam--Essen | Amsterdam--London | Athina--Smyrna | Athina--Sofia | Berlin--Essen | Bruxelles--Paris | Bucuresti--Budapest | Budapest--Kyiv | Budapest--Zagrab | Edinburgh--London | Madrid--Pamplona | Pamplona--Paris | Paris--Zurich | Venezia--Zagrab | Venezia--Zurich,45.0,9.0,12.0,3.0,0.75,88.0,23.0,0.7386363636363636,66.23710496588002,65.0,67.0,132.0,1.4444444444444444,2.933333333333333,2.933333333333333,61.0,50.0,0.9384615384615385,0.7692307692307693
247,Original baseline,"4,7,13,16,20,24,26,29,30,31,34,45","4,29,26,34,45,16,7,24",Amsterdam--Essen | Berlin--Danzic | Berlin--Essen | Bucuresti--Kyiv | Bucuresti--Sevastopol | Danzic--Riga | Dieppe--London | Dieppe--Paris | Edinburgh--London | Erzurum--Sochi | Essen--Khobenhaven | Kyiv--Smolensk | Kyiv--Wilno | Riga--Wilno | Rostov--Sochi | Sevastopol--Sochi,45.0,8.0,12.0,4.0,0.6666666666666666,104.0,25.0,0.7596153846153846,79.0,79.0,63.0,142.0,1.7555555555555555,3.1555555555555554,3.1555555555555554,79.0,79.0,1.0,1.0
247,Learned revised,"4,7,13,16,20,24,26,29,30,31,34,45","24,34,29,26,45,16,7",Amsterdam--Essen | Berlin--Essen | Berlin--Warzawa | Bucuresti--Kyiv | Dieppe--London | Dieppe--Paris | Edinburgh--London | Erzurum--Sochi | Essen--Khobenhaven | Kharkov--Kyiv | Kharkov--Rostov | Kyiv--Smolensk | Kyiv--Warzawa | Kyiv--Wilno | Rostov--Sochi,43.0,7.0,12.0,5.0,0.5833333333333334,104.0,35.0,0.6634615384615384,69.44716187283544,69.0,62.0,131.0,1.6046511627906976,3.046511627906977,3.046511627906977,69.0,69.0,1.0,1.0
248,Original baseline,"0,2,8,16,19,21,24,31,33,34,43,45","16,45,33,43,19,24,21",Amsterdam--Bruxelles | Amsterdam--Essen | Amsterdam--London | Athina--Sofia | Berlin--Danzic | Berlin--Essen | Berlin--Wien | Bruxelles--Paris | Bucuresti--Budapest | Bucuresti--Sevastopol | Bucuresti--Sofia | Budapest--Wien | Edinburgh--London | Erzurum--Sevastopol | Essen--Khobenhaven | Pamplona--Paris,45.0,7.0,12.0,5.0,0.5833333333333334,120.0,42.0,0.65,78.0,78.0,65.0,143.0,1.7333333333333334,3.1777777777777776,3.1777777777777776,76.6,71.0,0.982051282051282,0.9102564102564102
248,Learned revised,"0,2,8,16,19,21,24,31,33,34,43,45","21,24,43,0,45,31",Amsterdam--Bruxelles | Amsterdam--Essen | Amsterdam--London | Angora--Constantinople | Angora--Erzurum | Athina--Brindisi | Athina--Smyrna | Athina--Sofia | Brindisi--Roma | Bruxelles--Paris | Constantinople--Smyrna | Edinburgh--London | Essen--Khobenhaven | Pamplona--Paris | Paris--Zurich | Roma--Venezia | Venezia--Zurich,44.0,6.0,12.0,6.0,0.5,120.0,49.0,0.5916666666666667,71.58117151109518,71.0,58.0,129.0,1.6136363636363635,2.9318181818181817,2.9318181818181817,62.4,35.0,0.8788732394366197,0.49295774647887325
249,Original baseline,"2,9,13,15,16,22,26,27,34,37,38,44","38,15,44,9,27",Barcelona--Pamplona | Cadiz--Madrid | Dieppe--Paris | Essen--Frankfurt | Essen--Khobenhaven | Frankfurt--Munchen | Frankfurt--Paris | Khobenhaven--Stockholm | Kyiv--Wilno | Madrid--Pamplona | Pamplona--Paris | Petrograd--Stockholm | Petrograd--Wilno | Smolensk--Wilno,43.0,5.0,12.0,7.0,0.4166666666666667,108.0,52.0,0.5185185185185185,56.0,56.0,68.0,124.0,1.302325581395349,2.883720930232558,2.883720930232558,47.0,19.0,0.8392857142857143,0.3392857142857143
249,Learned revised,"2,9,13,15,16,22,26,27,34,37,38,44","38,16,9,26,2,34,22",Amsterdam--Frankfurt | Amsterdam--London | Angora--Constantinople | Angora--Erzurum | Berlin--Frankfurt | Berlin--Wien | Bucuresti--Budapest | Bucuresti--Constantinople | Bucuresti--Kyiv | Budapest--Wien | Kharkov--Kyiv | Kharkov--Rostov | Kyiv--Smolensk | Kyiv--Wilno | Petrograd--Wilno,42.0,7.0,12.0,5.0,0.5833333333333334,108.0,51.0,0.5277777777777778,57.48589281211122,57.0,59.0,116.0,1.3571428571428572,2.761904761904762,2.761904761904762,51.6,37.0,0.9052631578947369,0.6491228070175439
